erson ID,Gender,Age,Occupation,Sleep Duration,Quality of Sleep,Physical Activity Level,Heart Rate,Daily Steps,Systolic BP,Diastolic BP,BMI,BMI Category,Working Hours,Screen Time,Water Intake,Caffeine Intake,Meal Regularity,Social Interaction,Meditation Practice,Smoking Habit,Alcohol Intake,Stress Level
P10001,Female,30,Scientist,8.4,10,85,66,13662,109,68,21.1,Normal,6.0,1.1,3.0,79,10,9,7,No,Occasional,1
P10002,Female,38,Nurse,6.0,4,40,83,8393,124,76,24.1,Normal,9.0,8.0,2.3,292,5,6,4,No,Frequent,8
P10003,Female,37,Software Engineer,6.4,5,55,79,9130,119,75,23.5,Normal,8.5,7.1,2.6,259,6,6,5,No,Frequent,7
P10004,Female,33,Sales Representative,6.8,6,57,80,10646,118,75,22.6,Normal,8.0,6.0,2.4,238,7,7,5,No,Occasional,6
P10005,Male,38,Engineer,6.0,5,44,84,8297,122,76,24.0,Normal,8.7,8.0,2.3,288,5,5,3,Yes,Occasional,8
P10006,Female,33,Salesperson,7.7,8,72,71,12570,116,68,22.1,Normal,6.8,3.0,3.0,132,9,8,6,No,Occasional,3
P10007,Female,40,Software Engineer,5.8,4,41,84,7133,127,76,24.7,Normal,9.4,9.0,2.2,329,4,5,3,Yes,None,9
P10008,Male,34,Manager,7.3,7,68,74,11725,116,69,22.6,Normal,7.3,4.0,2.6,149,8,7,6,No,Occasional,4
P10009,Female,45,Salesperson,5.3,3,39,87,6770,128,78,24.7,Normal,9.7,9.9,2.2,357,4,4,3,Yes,Occasional,10
P10010,Female,28,Sales Representative,7.3,8,73,73,11851,115,70,22.7,Normal,7.3,4.0,2.7,173,8,7,6,No,Occasional,4
P10011,Male,30,Software Engineer,7.6,8,68,72,11599,114,73,22.2,Normal,7.4,4.1,2.7,174,8,8,6,No,Occasional,4
P10012,Female,35,Manager,7.3,8,68,72,12620,114,70,22.1,Normal,7.3,4.0,2.8,163,8,8,6,Yes,Frequent,4
P10013,Male,32,Engineer,7.5,8,66,71,11598,112,73,22.7,Normal,7.3,4.0,2.7,174,8,8,6,No,None,4
P10014,Female,42,Teacher,5.7,4,43,84,7204,127,78,24.2,Normal,9.4,9.0,2.3,337,5,5,3,No,Frequent,9
P10015,Female,26,Software Engineer,8.0,9,78,67,13112,111,70,22.4,Normal,6.4,1.9,2.9,101,9,9,7,Yes,None,2
P10016,Male,24,Manager,8.1,10,92,66,15846,106,67,21.3,Normal,6.4,1.0,3.0,61,10,9,8,No,Occasional,1
P10017,Male,39,Sales Representative,5.3,4,35,85,5442,128,79,25.3,Overweight,9.6,10.0,2.2,358,4,4,3,Yes,None,10
P10018,Female,33,Sales Representative,7.3,8,70,72,11396,114,72,22.4,Normal,7.5,3.9,2.7,167,8,7,6,No,Occasional,4
P10019,Female,24,Nurse,7.7,8,83,74,13105,112,68,22.1,Normal,7.2,2.9,2.9,130,9,8,6,No,None,3
P10020,Male,42,Salesperson,6.3,5,39,79,8100,126,76,24.6,Normal,8.6,8.2,2.4,298,5,5,4,Yes,None,8
P10021,Female,38,Scientist,6.1,5,47,82,8082,123,77,24.1,Normal,9.1,8.0,2.3,281,5,5,3,No,Occasional,8
P10022,Female,40,Lawyer,6.2,5,50,83,8870,123,76,24.0,Normal,8.8,8.0,2.3,287,5,5,4,No,None,8
P10023,Male,41,Lawyer,6.1,5,47,79,8208,124,77,24.3,Normal,8.8,7.8,2.4,295,5,5,4,No,Frequent,8
P10024,Female,43,Scientist,6.3,6,59,79,9246,127,74,23.5,Normal,8.4,6.8,2.3,251,6,6,4,Yes,None,7
P10025,Female,45,Salesperson,5.4,3,36,87,6911,130,78,25.0,Overweight,9.6,10.0,2.2,351,4,4,3,No,Occasional,10
P10026,Male,32,Lawyer,8.1,9,77,69,13851,112,69,21.8,Normal,6.4,2.0,2.7,118,9,9,7,No,Occasional,2
P10027,Female,39,Software Engineer,5.9,5,43,81,8457,122,77,24.1,Normal,8.6,8.0,2.4,284,5,5,4,No,None,8
P10028,Female,38,Engineer,7.3,8,66,75,11910,114,72,22.2,Normal,7.4,4.1,2.7,172,8,8,5,No,Occasional,4
P10029,Male,35,Doctor,6.4,6,57,81,9235,120,74,23.8,Normal,8.4,7.0,2.4,261,6,6,4,No,Occasional,7
P10030,Female,43,Lawyer,5.7,4,47,85,7746,127,76,23.6,Normal,9.1,9.0,2.4,319,5,5,3,Yes,Frequent,9
P10031,Female,39,Nurse,7.3,7,61,75,11087,116,72,22.4,Normal,7.7,5.0,2.6,190,7,7,5,No,Occasional,5
P10032,Male,45,Lawyer,5.4,3,35,86,5767,127,78,25.9,Overweight,9.7,9.9,2.2,352,4,4,3,No,Occasional,10
P10033,Female,32,Teacher,7.6,9,75,73,12774,114,72,22.3,Normal,7.2,2.9,3.0,142,9,8,6,No,None,3
P10034,Female,41,Scientist,6.2,5,48,82,8625,123,77,24.0,Normal,9.0,8.1,2.5,298,5,5,4,No,Occasional,8
P10035,Male,31,Sales Representative,8.1,9,80,66,12858,110,70,21.4,Normal,6.6,2.1,3.1,108,9,8,7,No,None,2
P10036,Female,32,Lawyer,8.2,9,83,69,14057,110,71,22.3,Normal,6.6,2.2,2.9,106,9,9,7,No,Occasional,2
P10037,Female,28,Scientist,8.3,10,84,68,15345,106,68,21.9,Normal,6.1,1.0,2.9,80,10,9,7,No,Occasional,1
P10038,Female,45,Scientist,5.8,4,39,86,7613,128,78,23.8,Normal,9.2,9.0,2.0,330,5,5,4,No,Frequent,9
P10039,Male,24,Manager,8.1,9,83,67,13251,108,68,22.0,Normal,6.4,2.0,2.9,104,9,9,6,No,Occasional,2
P10040,Female,28,Software Engineer,8.2,9,73,68,13380,112,67,21.6,Normal,6.5,1.9,3.0,106,9,8,6,No,Occasional,2
P10041,Female,31,Lawyer,6.8,7,60,75,11751,116,73,22.7,Normal,7.5,5.1,2.6,197,7,7,5,No,Frequent,5
P10042,Female,32,Software Engineer,7.5,8,67,74,11614,116,72,22.5,Normal,7.3,4.0,2.7,158,8,8,6,No,Occasional,4
P10043,Female,34,Manager,7.7,8,74,68,12372,113,74,23.0,Normal,7.0,2.9,2.9,143,8,9,6,No,Occasional,3
P10044,Female,34,Salesperson,7.5,8,71,76,12718,117,72,22.9,Normal,7.3,3.9,2.7,155,8,7,6,No,None,4
P10045,Female,34,Salesperson,7.4,8,70,74,10762,114,73,21.8,Normal,7.1,3.9,2.8,172,8,8,6,No,None,4
P10046,Female,37,Manager,7.4,7,74,73,12160,115,73,22.9,Normal,7.3,4.1,2.7,168,8,7,6,No,None,4
P10047,Male,40,Salesperson,6.3,5,56,79,9159,120,74,23.3,Normal,8.5,7.1,2.4,263,6,6,5,No,Occasional,7
P10048,Female,25,Nurse,8.2,9,82,69,13270,109,70,21.5,Normal,6.9,1.9,2.8,107,10,9,7,No,Occasional,2
P10049,Male,31,Manager,6.6,6,54,77,10439,122,72,22.3,Normal,8.0,6.0,2.6,236,7,6,5,No,Occasional,6
P10050,Male,25,Teacher,8.1,9,79,69,13999,112,69,22.0,Normal,6.3,2.0,3.0,115,9,9,7,No,None,2
P10051,Female,34,Engineer,6.7,6,59,78,10100,118,73,23.3,Normal,8.0,6.1,2.6,227,7,7,5,Yes,None,6
P10052,Female,47,Manager,6.3,5,45,82,7943,124,76,23.7,Normal,8.9,7.9,2.4,280,5,5,4,No,None,8
P10053,Female,31,Engineer,7.5,8,62,72,11579,114,72,22.4,Normal,7.2,4.2,2.7,175,8,7,6,No,None,4
P10054,Male,30,Engineer,8.4,10,79,65,14412,107,67,21.6,Normal,6.0,1.1,3.0,82,10,10,7,No,None,1
P10055,Female,39,Doctor,5.2,4,35,87,6860,126,77,24.5,Normal,9.5,10.0,2.2,362,4,4,2,Yes,Frequent,10
P10056,Female,35,Salesperson,7.4,8,63,71,12083,115,70,22.1,Normal,7.4,4.0,2.8,182,8,8,6,No,None,4
P10057,Male,31,Engineer,7.0,7,64,76,11086,117,73,22.3,Normal,7.8,5.0,2.7,214,7,7,5,No,None,5
P10058,Female,24,Manager,8.5,10,78,67,13832,110,68,22.2,Normal,6.0,1.0,3.0,58,10,9,7,No,None,1
P10059,Female,42,Salesperson,5.4,3,38,86,6510,128,78,24.3,Normal,9.6,10.0,2.2,347,4,5,3,No,Occasional,10
P10060,Male,32,Software Engineer,7.0,7,63,75,10542,118,73,23.5,Normal,7.9,5.0,2.7,203,7,7,5,No,Occasional,5
P10061,Female,31,Salesperson,6.1,5,48,81,7978,124,76,23.3,Normal,8.8,7.9,2.5,300,5,6,4,No,Frequent,8
P10062,Male,22,Lawyer,8.3,10,89,66,13901,107,68,21.8,Normal,6.2,1.0,2.9,73,10,9,7,No,None,1
P10063,Male,33,Software Engineer,7.6,8,68,71,11844,116,71,23.0,Normal,7.3,4.0,2.8,178,8,7,6,No,Occasional,4
P10064,Female,26,Lawyer,8.4,10,79,67,14783,109,69,21.4,Normal,6.3,1.0,3.1,81,10,9,6,No,Occasional,1
P10065,Male,40,Doctor,6.4,6,51,79,9192,120,73,23.6,Normal,8.7,6.9,2.4,255,6,6,5,No,Frequent,7
P10066,Male,38,Sales Representative,5.7,4,43,85,7672,127,75,24.2,Normal,9.1,9.0,2.3,306,4,5,3,No,Frequent,9
P10067,Female,28,Manager,7.2,8,68,71,11909,115,70,22.8,Normal,7.4,4.0,2.8,176,8,7,5,No,Frequent,4
P10068,Male,31,Nurse,7.9,9,76,71,12436,112,69,22.0,Normal,7.1,2.9,2.9,135,9,8,6,No,None,3
P10069,Female,26,Scientist,8.6,10,86,67,14589,108,68,21.1,Normal,6.3,1.0,3.1,86,10,9,7,No,Occasional,1
P10070,Male,42,Nurse,5.7,4,36,83,7413,126,77,23.8,Normal,9.0,9.0,2.4,328,4,5,3,No,Occasional,9
P10071,Female,45,Salesperson,5.5,3,37,85,6379,133,79,24.6,Normal,9.6,10.0,2.2,367,4,4,3,No,Occasional,10
P10072,Female,28,Lawyer,7.8,9,71,70,12845,113,69,21.9,Normal,6.9,3.0,2.9,141,9,8,6,No,None,3
P10073,Male,37,Teacher,7.3,7,60,75,10807,117,69,23.9,Normal,7.9,5.0,2.6,202,7,7,5,No,Occasional,5
P10074,Female,45,Salesperson,5.8,4,40,84,6681,128,79,24.7,Normal,9.0,8.9,2.4,322,4,4,4,No,None,9
P10075,Female,29,Doctor,7.1,7,62,73,10499,116,73,23.7,Normal,7.7,5.0,2.7,204,7,7,5,No,Occasional,5
P10076,Female,32,Doctor,7.0,7,61,74,10425,116,71,23.3,Normal,7.9,5.1,2.6,192,7,7,6,No,Occasional,5
P10077,Male,44,Teacher,5.9,4,45,82,7038,128,78,24.4,Normal,9.2,9.2,2.3,337,5,5,3,No,Occasional,9
P10078,Female,43,Nurse,6.5,6,55,78,8973,121,76,23.2,Normal,8.5,7.0,2.5,257,6,6,5,No,Occasional,7
P10079,Female,36,Scientist,6.2,5,44,83,8366,126,77,24.2,Normal,8.7,7.9,2.4,291,5,6,4,No,None,8
P10080,Female,45,Nurse,5.4,3,39,87,6020,129,77,24.4,Normal,9.8,10.0,2.1,352,4,4,3,No,Occasional,10
P10081,Male,42,Salesperson,5.9,4,40,85,7633,126,77,23.7,Normal,9.0,9.1,2.3,334,5,5,3,Yes,Occasional,9
P10082,Female,31,Nurse,7.7,9,71,74,13020,112,71,22.5,Normal,6.8,3.0,2.8,134,9,9,7,No,Occasional,3
P10083,Female,42,Salesperson,6.4,5,55,81,9091,122,75,24.0,Normal,8.5,6.9,2.5,263,6,6,4,No,Occasional,7
P10084,Male,39,Manager,6.4,6,52,81,9690,122,75,23.4,Normal,8.4,7.1,2.5,259,6,6,4,No,Frequent,7
P10085,Female,34,Sales Representative,8.0,9,79,70,14309,109,68,21.2,Normal,6.5,2.0,2.8,120,9,9,7,No,None,2
P10086,Male,29,Scientist,8.3,10,80,66,14586,106,68,20.8,Normal,5.9,1.0,3.0,77,10,9,8,No,None,1
P10087,Female,40,Nurse,6.0,5,48,81,8725,122,75,24.0,Normal,8.7,7.9,2.4,281,5,5,4,No,None,8
P10088,Female,33,Nurse,7.1,7,56,76,11704,118,74,22.9,Normal,7.6,5.1,2.7,196,7,7,5,No,Occasional,5
P10089,Male,46,Engineer,5.4,3,35,86,6248,126,78,24.9,Normal,9.6,10.0,2.2,353,4,4,3,No,Occasional,10
P10090,Male,28,Lawyer,7.9,9,76,67,13826,109,68,21.2,Normal,6.5,2.0,2.8,112,9,8,7,Yes,Occasional,2
P10091,Female,38,Software Engineer,6.4,5,54,81,9983,121,76,23.8,Normal,8.3,7.0,2.3,251,6,6,4,Yes,None,7
P10092,Female,38,Software Engineer,6.0,5,45,81,8891,124,76,23.7,Normal,8.7,8.1,2.4,294,5,5,4,No,None,8
P10093,Female,27,Software Engineer,8.5,10,83,66,15239,107,67,21.1,Normal,6.4,1.1,3.1,74,10,9,7,No,Frequent,1
P10094,Female,28,Nurse,8.1,9,79,71,13404,109,68,21.4,Normal,6.4,2.0,2.8,103,9,9,7,No,Frequent,2
P10095,Female,35,Manager,7.4,8,70,72,12401,116,72,22.4,Normal,7.1,4.0,2.6,158,8,8,6,No,None,4
P10096,Male,35,Lawyer,7.1,7,59,77,11347,117,72,23.7,Normal,7.7,5.1,2.6,207,7,7,5,No,Frequent,5
P10097,Female,35,Lawyer,7.7,8,71,71,12383,111,73,22.6,Normal,7.0,3.0,2.9,137,9,8,7,No,Occasional,3
P10098,Female,26,Engineer,8.5,10,80,68,15715,109,69,21.8,Normal,5.9,1.1,2.9,76,10,9,7,No,Occasional,1
P10099,Male,33,Nurse,7.4,8,70,71,10778,115,75,22.6,Normal,7.3,4.0,2.7,173,8,7,6,No,Occasional,4
P10100,Female,39,Teacher,7.0,7,63,72,10667,118,73,22.5,Normal,7.6,5.1,2.6,201,7,7,5,Yes,Occasional,5
P10101,Female,28,Software Engineer,7.9,9,71,72,11491,110,70,22.0,Normal,7.0,3.1,3.0,147,8,8,6,No,None,3
P10102,Female,42,Engineer,5.8,4,39,82,8138,125,77,24.9,Normal,9.1,9.0,2.3,325,5,5,3,No,Frequent,9
P10103,Male,45,Manager,5.5,3,30,86,5505,129,78,25.3,Overweight,9.7,10.0,2.2,352,4,4,3,No,Frequent,10
P10104,Male,44,Manager,6.0,5,39,82,8683,124,76,23.4,Normal,8.8,8.1,2.4,293,5,5,4,No,Frequent,8
P10105,Female,30,Sales Representative,8.0,10,79,69,13766,107,72,22.4,Normal,6.7,2.1,3.0,103,9,8,7,No,None,2
P10106,Male,39,Nurse,6.9,7,61,74,11919,119,71,23.6,Normal,7.8,4.9,2.5,208,7,7,5,No,Frequent,5
P10107,Female,39,Sales Representative,6.1,5,46,83,8088,123,75,23.9,Normal,9.0,8.2,2.3,297,5,5,4,No,Occasional,8
P10108,Female,36,Sales Representative,5.2,3,36,85,7045,128,78,25.8,Overweight,9.7,10.0,2.3,345,4,4,3,No,None,10
P10109,Male,27,Nurse,7.8,8,71,72,12517,111,71,23.3,Normal,7.3,3.1,2.9,143,9,8,6,No,Occasional,3
P10110,Female,30,Scientist,7.2,7,66,75,10815,118,70,23.3,Normal,7.6,5.0,2.6,200,7,7,5,Yes,Frequent,5
P10111,Male,29,Scientist,8.5,10,80,66,15753,106,71,21.7,Normal,6.0,1.0,3.1,73,10,9,7,No,None,1
P10112,Female,33,Lawyer,7.6,9,73,73,12405,113,70,21.8,Normal,6.9,3.0,3.0,127,8,8,6,No,None,3
P10113,Female,27,Nurse,8.4,9,79,69,14219,108,69,21.2,Normal,6.4,1.9,2.9,96,9,9,7,No,Occasional,2
P10114,Male,27,Nurse,8.1,10,77,69,14283,114,68,22.3,Normal,6.3,2.0,3.0,107,9,9,7,No,None,2
P10115,Female,35,Doctor,6.9,6,59,76,10306,119,73,23.5,Normal,8.2,6.1,2.6,232,7,7,5,No,Occasional,6
P10116,Female,41,Sales Representative,5.6,4,44,85,7508,125,78,24.7,Normal,9.1,9.2,2.3,330,5,4,3,No,Frequent,9
P10117,Male,37,Scientist,6.6,5,46,78,9286,123,75,23.7,Normal,8.3,7.1,2.4,258,6,6,4,No,None,7
P10118,Male,22,Scientist,8.2,9,84,69,13933,109,67,21.7,Normal,6.8,2.2,2.8,110,9,9,7,No,None,2
P10119,Male,40,Software Engineer,6.2,5,43,82,8050,125,78,24.3,Normal,9.1,8.1,2.5,290,5,5,4,No,None,8
P10120,Female,35,Teacher,6.5,6,59,80,9000,122,76,23.1,Normal,8.4,7.0,2.4,270,6,6,5,Yes,Frequent,7
P10121,Female,44,Doctor,5.9,4,40,83,7608,128,78,24.9,Normal,9.2,8.9,2.3,316,5,5,3,No,Occasional,9
P10122,Female,40,Doctor,5.8,4,42,83,7236,128,76,24.3,Normal,9.3,8.9,2.3,326,5,5,3,No,None,9
P10123,Male,47,Engineer,5.4,3,40,85,6543,129,76,24.6,Normal,9.4,9.9,2.1,355,4,4,3,No,Occasional,10
P10124,Male,32,Nurse,7.7,9,72,71,12971,113,71,21.5,Normal,7.0,3.0,2.7,138,8,9,7,Yes,None,3
P10125,Male,33,Doctor,6.7,6,51,77,10010,116,72,23.1,Normal,8.2,6.1,2.7,231,6,6,5,Yes,Occasional,6
P10126,Female,37,Lawyer,6.0,5,46,82,8297,120,77,24.0,Normal,9.0,8.0,2.3,286,5,5,4,No,None,8
P10127,Female,34,Scientist,6.5,5,54,80,8702,121,76,23.8,Normal,8.5,7.1,2.5,252,5,6,5,No,None,7
P10128,Male,28,Engineer,8.2,9,75,68,13718,111,69,21.0,Normal,6.6,2.0,3.0,108,9,9,7,No,Occasional,2
P10129,Female,35,Manager,6.5,6,50,78,9115,119,76,23.3,Normal,8.7,7.0,2.5,257,5,6,4,No,Occasional,7
P10130,Male,25,Lawyer,8.3,10,86,65,14648,105,70,22.0,Normal,6.2,1.0,2.9,78,9,10,7,No,Frequent,1
P10131,Male,38,Engineer,5.4,3,36,89,5745,129,75,25.5,Overweight,9.6,10.0,2.3,357,4,4,3,No,Frequent,10
P10132,Female,40,Scientist,6.6,5,56,78,9091,121,74,23.7,Normal,8.4,6.9,2.5,253,6,5,4,No,None,7
P10133,Female,33,Software Engineer,7.4,8,71,73,12797,115,71,22.7,Normal,7.4,4.0,2.8,175,8,8,6,No,Occasional,4
P10134,Male,31,Engineer,7.2,7,64,76,10913,115,73,23.3,Normal,7.7,5.1,2.7,195,7,7,5,No,None,5
P10135,Female,45,Nurse,5.4,3,41,87,6412,131,80,25.1,Overweight,9.4,10.0,2.1,353,4,4,2,No,Occasional,10
P10136,Male,43,Engineer,5.3,3,39,89,6112,128,80,24.8,Normal,9.4,10.0,2.0,353,4,4,3,No,None,10
P10137,Male,36,Teacher,6.6,7,55,77,10675,121,74,22.6,Normal,7.9,6.0,2.6,224,7,7,5,No,Occasional,6
P10138,Female,46,Lawyer,5.5,4,34,88,6575,127,77,24.4,Normal,9.8,9.9,2.3,350,4,5,3,Yes,None,10
P10139,Male,28,Engineer,8.5,10,82,64,14508,108,69,21.7,Normal,6.5,1.0,3.0,71,10,9,7,No,Occasional,1
P10140,Female,40,Manager,6.2,5,50,82,8305,123,74,23.9,Normal,8.9,8.0,2.2,296,5,5,4,No,Frequent,8
P10141,Male,48,Nurse,5.7,4,39,85,6585,130,78,24.5,Normal,9.2,9.0,2.2,336,5,5,3,No,None,9
P10142,Female,34,Engineer,6.0,4,46,84,8249,122,76,24.4,Normal,8.9,8.0,2.3,294,5,5,4,Yes,None,8
P10143,Female,30,Engineer,7.8,8,75,71,13265,112,68,20.9,Normal,6.8,3.0,2.8,139,9,8,6,No,Occasional,3
P10144,Female,36,Manager,6.3,6,51,80,9828,121,73,23.6,Normal,8.6,6.9,2.5,271,6,6,4,Yes,Occasional,7
P10145,Female,32,Engineer,8.1,9,79,68,12937,113,71,21.3,Normal,6.5,2.1,2.9,122,9,9,7,No,None,2
P10146,Female,37,Salesperson,5.9,5,50,81,8779,124,77,23.7,Normal,8.9,7.9,2.3,289,5,5,4,Yes,Occasional,8
P10147,Male,40,Salesperson,6.0,5,48,82,8636,122,76,24.6,Normal,8.7,8.1,2.3,288,5,5,4,No,None,8
P10148,Female,33,Engineer,7.6,8,63,72,11211,115,72,21.8,Normal,7.5,4.0,2.6,168,8,8,6,No,Occasional,4
P10149,Male,50,Scientist,5.4,4,39,84,6777,132,77,24.9,Normal,9.4,10.0,2.2,347,4,4,3,No,Frequent,10
P10150,Female,45,Salesperson,5.5,3,33,86,6498,129,77,24.8,Normal,9.7,10.0,2.1,365,4,4,3,Yes,Occasional,10
P10151,Female,26,Nurse,7.8,9,66,69,12649,111,69,22.6,Normal,7.0,3.0,3.0,147,8,8,7,No,None,3
P10152,Male,36,Teacher,6.1,5,46,83,8352,124,76,23.0,Normal,8.7,7.9,2.5,286,5,5,4,No,Occasional,8
P10153,Male,36,Nurse,6.1,5,51,81,8937,122,76,24.5,Normal,8.9,8.0,2.5,298,5,6,4,No,Frequent,8
P10154,Female,42,Doctor,5.7,4,42,84,7830,126,79,24.6,Normal,9.2,8.9,2.2,324,5,5,3,No,Frequent,9
P10155,Male,48,Teacher,5.7,4,43,83,7053,129,79,23.7,Normal,9.4,8.9,2.4,326,4,4,3,No,Frequent,9
P10156,Male,29,Manager,8.6,10,80,66,14772,109,68,21.0,Normal,6.1,1.0,3.0,67,10,9,7,Yes,None,1
P10157,Male,31,Engineer,7.9,9,68,70,12099,111,69,22.2,Normal,6.9,3.0,2.8,140,9,9,6,No,None,3
P10158,Male,28,Teacher,7.9,8,76,70,13086,112,69,22.1,Normal,6.9,3.1,2.8,141,8,8,6,No,None,3
P10159,Female,42,Lawyer,6.0,5,49,84,8123,124,76,24.0,Normal,8.7,8.0,2.3,292,5,5,4,Yes,Occasional,8
P10160,Male,30,Scientist,7.4,8,69,74,10337,114,74,22.1,Normal,7.2,4.0,2.8,176,8,7,6,No,None,4
P10161,Male,44,Nurse,5.7,4,43,86,7036,129,80,25.2,Overweight,9.3,9.0,2.3,317,5,5,3,No,None,9
P10162,Male,40,Teacher,5.9,4,45,84,7895,126,79,24.8,Normal,9.1,9.0,2.3,315,5,5,3,No,None,9
P10163,Female,33,Nurse,6.4,6,55,78,9639,121,74,24.7,Normal,8.4,7.0,2.5,255,6,6,4,No,Occasional,7
P10164,Female,38,Manager,6.9,6,53,78,9625,120,74,23.2,Normal,7.9,6.0,2.6,231,7,7,5,No,Occasional,6
P10165,Male,30,Doctor,7.1,7,63,77,11026,116,71,23.7,Normal,7.6,5.0,2.7,200,7,7,5,No,Frequent,5
P10166,Female,35,Doctor,6.4,6,50,81,9144,123,74,24.5,Normal,8.7,6.9,2.4,264,6,6,4,No,Occasional,7
P10167,Male,26,Sales Representative,8.4,10,79,68,16126,108,67,21.8,Normal,6.3,1.0,3.2,80,10,9,8,No,Occasional,1
P10168,Male,41,Manager,6.9,6,59,78,10656,122,75,23.1,Normal,8.1,5.8,2.7,231,7,6,5,No,Frequent,6
P10169,Male,30,Engineer,6.7,6,60,78,10606,117,73,23.2,Normal,7.8,6.0,2.6,236,6,7,5,Yes,None,6
P10170,Female,35,Doctor,7.1,7,58,76,11129,118,74,22.5,Normal,7.4,4.9,2.6,189,7,7,5,No,None,5
P10171,Female,41,Software Engineer,5.4,4,39,84,7437,127,76,24.4,Normal,9.3,8.9,2.1,325,4,5,3,No,None,9
P10172,Female,32,Lawyer,7.1,7,59,73,11653,118,72,22.9,Normal,7.8,5.0,2.6,200,7,7,6,Yes,Occasional,5
P10173,Female,32,Scientist,7.8,8,68,71,13454,113,71,22.8,Normal,6.9,3.1,2.7,136,9,8,7,No,None,3
P10174,Female,35,Lawyer,6.6,6,57,77,9538,118,73,23.8,Normal,8.1,6.0,2.5,219,7,7,5,No,Occasional,6
P10175,Male,28,Software Engineer,7.8,8,74,71,13191,110,69,22.1,Normal,7.0,3.0,2.9,146,8,9,6,No,Occasional,3
P10176,Female,41,Engineer,5.6,4,38,85,7280,126,76,24.9,Normal,9.3,8.9,2.2,329,5,5,3,No,None,9
P10177,Female,30,Scientist,7.5,9,71,73,12967,114,71,21.7,Normal,6.8,3.1,2.8,137,8,8,7,No,None,3
P10178,Male,38,Teacher,5.7,4,37,84,8135,126,78,24.8,Normal,9.5,9.0,2.2,338,5,5,4,No,Frequent,9
P10179,Male,30,Manager,7.9,9,72,71,12951,113,69,21.8,Normal,6.8,3.1,2.7,136,9,8,6,No,Occasional,3
P10180,Female,47,Sales Representative,5.3,3,37,86,6531,131,81,24.5,Normal,9.7,10.0,2.1,352,4,4,2,No,None,10
P10181,Female,40,Engineer,5.7,4,46,85,6884,128,77,23.9,Normal,9.1,9.1,2.3,319,4,5,3,Yes,Frequent,9
P10182,Female,39,Salesperson,6.1,5,54,83,8208,123,76,24.5,Normal,8.9,7.9,2.4,294,5,6,4,No,Frequent,8
P10183,Female,39,Software Engineer,6.7,7,50,76,9683,121,75,24.0,Normal,8.2,6.1,2.5,236,6,7,5,No,Frequent,6
P10184,Male,26,Lawyer,8.5,10,79,65,15025,107,68,20.8,Normal,6.4,1.0,3.0,74,10,10,8,No,None,1
P10185,Female,38,Software Engineer,6.6,5,49,80,8574,123,72,22.9,Normal,8.4,7.1,2.4,250,6,6,4,No,Frequent,7
P10186,Female,35,Lawyer,7.6,9,75,72,13050,112,70,22.0,Normal,7.0,2.9,2.8,126,9,8,6,No,Occasional,3
P10187,Male,28,Manager,6.4,6,51,80,8972,119,74,22.8,Normal,8.3,6.9,2.5,266,6,6,4,No,Occasional,7
P10188,Male,30,Manager,7.5,8,69,73,11275,113,73,23.1,Normal,7.3,3.9,2.8,172,8,8,6,No,Frequent,4
P10189,Female,41,Nurse,5.6,4,44,83,7911,125,77,24.4,Normal,9.3,8.9,2.1,324,4,5,3,No,Occasional,9
P10190,Female,32,Sales Representative,8.2,10,79,69,13785,111,69,21.4,Normal,6.4,2.0,3.0,117,9,9,7,No,Occasional,2
P10191,Female,32,Teacher,7.5,8,69,72,11769,116,71,22.7,Normal,7.2,3.9,2.6,183,8,8,6,Yes,None,4
P10192,Male,48,Doctor,5.2,3,37,86,6409,128,79,25.3,Overweight,9.8,9.9,2.2,362,4,4,3,No,None,10
P10193,Female,39,Lawyer,6.1,5,42,79,7438,122,79,24.4,Normal,9.0,8.0,2.3,287,5,5,4,No,Occasional,8
P10194,Male,37,Doctor,6.0,4,35,82,7358,126,79,24.9,Normal,9.3,9.0,2.3,324,5,5,4,Yes,None,9
P10195,Male,28,Doctor,7.9,10,82,68,13594,110,67,22.0,Normal,6.7,2.0,2.9,110,9,9,7,No,Occasional,2
P10196,Female,36,Scientist,7.3,7,56,75,10273,115,74,22.5,Normal,7.7,5.1,2.7,203,7,7,6,No,None,5
P10197,Male,34,Software Engineer,7.7,9,71,71,12772,112,70,21.5,Normal,6.9,2.9,2.9,139,8,8,6,No,Occasional,3
P10198,Female,22,Software Engineer,8.4,10,88,67,14807,108,67,21.6,Normal,6.1,1.0,3.0,71,10,9,8,Yes,Occasional,1
P10199,Female,40,Engineer,6.1,5,43,83,8735,124,78,24.0,Normal,8.6,8.1,2.4,305,5,5,3,No,Frequent,8
P10200,Male,33,Nurse,7.4,8,61,71,11689,115,73,22.4,Normal,7.4,4.0,2.7,176,8,8,6,No,None,4
P10201,Female,46,Teacher,5.4,4,34,86,7093,129,80,24.8,Normal,9.2,10.0,2.1,363,4,4,3,No,Frequent,10
P10202,Female,31,Engineer,8.0,9,72,71,13284,112,69,22.5,Normal,6.8,3.0,2.6,139,8,8,6,No,None,3
P10203,Male,33,Doctor,7.4,8,68,73,11882,115,71,22.4,Normal,7.0,4.0,2.8,165,7,7,6,No,Occasional,4
P10204,Male,32,Engineer,7.5,8,65,72,12005,114,69,22.0,Normal,7.3,3.9,2.8,170,8,8,6,No,None,4
P10205,Male,42,Scientist,6.1,5,40,83,7472,123,76,23.8,Normal,8.8,7.9,2.4,287,6,5,4,No,Frequent,8
P10206,Male,36,Engineer,7.2,7,62,76,11955,117,72,22.6,Normal,7.8,4.9,2.6,192,7,7,5,No,Occasional,5
P10207,Male,41,Engineer,5.8,4,41,82,7213,125,78,24.4,Normal,9.3,9.0,2.2,321,5,5,3,No,None,9
P10208,Female,43,Scientist,5.4,3,36,87,6097,128,81,25.4,Overweight,9.8,10.0,2.3,360,4,4,3,No,Frequent,10
P10209,Female,34,Software Engineer,7.8,9,76,72,12776,114,69,21.9,Normal,6.8,3.1,2.9,144,9,8,6,No,None,3
P10210,Female,28,Salesperson,7.0,8,62,76,10916,117,74,23.9,Normal,7.8,5.0,2.6,191,7,7,5,Yes,Occasional,5
P10211,Male,28,Scientist,7.8,8,72,73,12827,115,69,21.5,Normal,7.3,3.1,2.9,138,8,9,7,No,None,3
P10212,Male,26,Nurse,8.2,10,79,63,14437,107,69,21.3,Normal,6.4,1.0,3.0,77,10,9,8,No,None,1
P10213,Male,33,Salesperson,7.8,8,72,71,12431,111,70,22.1,Normal,7.0,3.0,2.8,148,9,8,6,No,Occasional,3
P10214,Male,32,Nurse,7.4,8,63,73,11513,114,71,22.9,Normal,7.5,3.9,2.8,185,8,8,6,Yes,Occasional,4
P10215,Female,39,Teacher,6.2,6,52,79,9447,123,75,23.9,Normal,8.2,6.9,2.5,263,6,6,4,No,None,7
P10216,Female,32,Salesperson,7.2,7,61,76,10889,113,74,23.2,Normal,7.4,5.0,2.7,202,7,7,5,No,Occasional,5
P10217,Female,34,Software Engineer,7.6,9,73,71,13742,112,68,22.5,Normal,7.2,3.1,2.9,132,8,8,6,No,None,3
P10218,Female,32,Software Engineer,7.4,8,68,72,12432,114,72,22.9,Normal,7.2,4.1,2.7,161,8,7,6,No,Occasional,4
P10219,Female,27,Software Engineer,8.4,10,83,67,15105,110,66,22.1,Normal,6.2,1.0,3.0,69,10,10,7,No,None,1
P10220,Female,34,Scientist,8.5,10,85,65,14974,109,69,21.3,Normal,6.0,1.0,2.9,65,10,9,7,No,Occasional,1
P10221,Female,37,Teacher,7.4,7,65,73,11849,117,71,22.5,Normal,7.3,4.0,2.9,173,8,8,6,No,Frequent,4
P10222,Female,46,Lawyer,5.4,3,33,86,6799,129,78,25.6,Overweight,9.5,10.0,2.2,340,4,4,3,No,Frequent,10
P10223,Female,33,Manager,6.6,5,48,77,9452,119,75,22.5,Normal,8.4,6.9,2.5,261,6,6,4,Yes,None,7
P10224,Female,24,Scientist,8.5,10,80,67,14254,108,69,21.3,Normal,6.5,1.0,3.0,72,10,9,7,No,Occasional,1
P10225,Female,39,Sales Representative,6.1,5,47,82,8503,125,78,24.0,Normal,9.1,8.0,2.3,293,5,5,4,No,Frequent,8
P10226,Male,40,Lawyer,6.2,5,48,82,8529,122,74,24.3,Normal,8.7,7.9,2.4,287,5,5,4,No,None,8
P10227,Male,37,Teacher,7.2,7,61,76,10238,118,71,22.2,Normal,7.6,5.0,2.9,201,7,7,5,No,Occasional,5
P10228,Male,36,Salesperson,6.8,6,58,78,9890,118,74,23.2,Normal,8.1,6.0,2.5,236,6,6,5,No,Occasional,6
P10229,Female,36,Teacher,6.9,7,64,76,11548,117,73,22.8,Normal,7.9,5.1,2.6,186,7,7,5,Yes,Frequent,5
P10230,Female,37,Salesperson,5.7,4,41,82,7563,127,79,24.3,Normal,9.4,8.9,2.4,332,5,5,4,No,Occasional,9
P10231,Male,32,Manager,7.2,7,64,76,10384,117,70,22.8,Normal,7.9,5.0,2.8,197,7,7,5,No,Occasional,5
P10232,Female,40,Sales Representative,6.3,5,52,80,9759,122,75,23.7,Normal,8.4,7.0,2.5,249,6,5,4,No,Occasional,7
P10233,Female,29,Engineer,8.5,10,79,66,15463,108,67,21.6,Normal,6.4,1.0,3.0,66,10,9,7,No,None,1
P10234,Female,34,Nurse,8.7,10,80,65,13984,110,70,21.3,Normal,6.2,1.0,3.1,75,10,9,7,No,Occasional,1
P10235,Male,25,Teacher,8.2,9,73,68,13770,107,70,21.6,Normal,6.7,2.1,2.8,109,9,8,7,Yes,None,2
P10236,Female,30,Doctor,8.5,10,77,68,14828,106,67,21.0,Normal,6.0,1.0,3.1,76,10,9,7,No,Occasional,1
P10237,Female,39,Teacher,7.3,7,60,75,11032,117,73,23.1,Normal,7.6,5.2,2.6,199,7,7,5,No,Occasional,5
P10238,Male,21,Engineer,8.5,10,79,66,14888,107,68,21.1,Normal,6.4,1.1,3.0,82,9,9,7,No,Occasional,1
P10239,Male,42,Scientist,6.5,5,50,79,8236,123,76,24.5,Normal,8.6,7.1,2.6,255,5,7,4,Yes,Frequent,7
P10240,Male,37,Software Engineer,6.4,6,57,80,8968,122,75,23.5,Normal,8.6,6.9,2.4,271,6,6,5,No,None,7
P10241,Female,45,Manager,5.5,3,37,84,6574,130,82,25.3,Overweight,9.6,10.0,2.3,354,4,4,2,No,Occasional,10
P10242,Female,29,Sales Representative,8.2,10,79,66,14041,110,68,21.9,Normal,6.7,2.1,3.0,105,9,9,7,No,Frequent,2
P10243,Male,45,Salesperson,6.1,5,49,81,9939,127,76,23.6,Normal,8.6,8.0,2.3,305,5,5,4,No,Occasional,8
P10244,Male,30,Salesperson,8.0,9,77,69,13310,113,67,21.5,Normal,6.6,1.9,2.8,106,9,8,7,No,Occasional,2
P10245,Female,38,Nurse,7.0,6,55,78,9567,122,75,23.7,Normal,8.2,6.1,2.5,220,6,6,5,No,None,6
P10246,Male,33,Lawyer,7.5,8,64,73,12430,117,72,22.6,Normal,7.3,4.0,2.7,168,8,8,6,No,None,4
P10247,Male,27,Scientist,8.0,9,75,69,13669,113,69,22.4,Normal,6.7,2.1,2.9,106,9,9,6,No,Occasional,2
P10248,Female,32,Sales Representative,8.3,10,82,66,14264,106,69,21.1,Normal,6.3,1.0,3.0,87,10,9,7,No,Occasional,1
P10249,Male,32,Nurse,8.2,9,78,68,12848,110,70,22.1,Normal,6.8,2.1,2.8,106,9,9,7,No,None,2
P10250,Male,41,Teacher,5.3,3,34,85,6513,127,79,24.6,Normal,9.8,9.9,2.2,358,4,4,3,No,None,10
P10251,Female,35,Salesperson,7.1,7,59,74,10368,119,71,23.4,Normal,8.1,5.0,2.6,201,7,7,5,No,Occasional,5
P10252,Female,41,Doctor,5.8,5,44,80,8643,124,77,24.3,Normal,8.9,8.0,2.2,306,5,5,4,No,None,8
P10253,Male,30,Engineer,7.4,8,69,73,11491,114,72,22.5,Normal,7.4,4.0,2.7,179,8,7,6,No,None,4
P10254,Male,40,Manager,6.5,5,57,81,10011,121,75,22.8,Normal,8.6,6.9,2.4,261,6,6,4,No,Occasional,7
P10255,Male,33,Sales Representative,7.3,8,64,72,13344,115,72,22.6,Normal,7.4,3.9,2.8,171,8,8,6,No,Occasional,4
P10256,Male,36,Scientist,6.0,4,47,82,9058,123,76,24.4,Normal,8.8,8.0,2.3,295,5,5,4,Yes,Occasional,8
P10257,Male,35,Salesperson,6.7,6,61,76,10300,118,73,23.3,Normal,8.1,6.0,2.6,224,7,6,4,No,Occasional,6
P10258,Male,42,Scientist,5.5,3,38,87,6839,130,77,24.6,Normal,9.5,10.0,2.1,353,4,4,3,Yes,Occasional,10
P10259,Male,28,Doctor,8.2,9,79,69,12996,111,68,21.7,Normal,6.7,2.0,3.0,96,9,9,7,No,Occasional,2
P10260,Female,32,Doctor,8.1,9,84,68,14227,110,68,21.6,Normal,6.5,2.0,2.9,119,9,9,7,No,None,2
P10261,Male,33,Salesperson,8.1,9,82,68,13965,111,70,22.1,Normal,6.5,2.0,3.0,105,9,9,7,No,None,2
P10262,Male,34,Sales Representative,6.1,5,49,81,8155,123,76,24.4,Normal,8.7,8.0,2.1,293,5,6,4,No,Frequent,8
P10263,Female,30,Sales Representative,8.5,10,82,67,13994,107,68,21.2,Normal,6.1,1.0,3.1,77,10,9,7,No,Frequent,1
P10264,Male,45,Salesperson,5.8,4,44,85,7472,129,77,24.9,Normal,9.3,8.9,2.4,322,5,5,4,No,Occasional,9
P10265,Female,35,Software Engineer,6.4,5,53,80,9376,118,76,23.7,Normal,8.4,7.0,2.6,278,6,6,4,No,Frequent,7
P10266,Female,38,Teacher,6.6,7,55,78,9955,121,74,23.3,Normal,8.0,6.0,2.6,228,7,6,5,No,None,6
P10267,Male,27,Manager,8.4,10,87,67,14515,109,67,21.8,Normal,6.3,1.0,3.0,66,10,9,7,No,None,1
P10268,Male,26,Doctor,7.6,8,77,70,12243,113,73,22.5,Normal,7.1,3.0,2.8,150,9,8,7,No,Occasional,3
P10269,Female,47,Salesperson,5.4,3,35,85,7326,127,78,25.3,Overweight,9.6,10.0,2.2,358,4,5,3,No,None,10
P10270,Male,35,Engineer,6.0,5,45,81,7436,120,75,23.7,Normal,8.6,7.9,2.4,300,5,6,4,No,None,8
P10271,Female,43,Scientist,5.5,3,34,85,5993,130,78,24.8,Normal,9.8,10.0,2.3,344,4,4,3,Yes,None,10
P10272,Female,29,Teacher,8.2,10,82,67,13815,110,68,22.1,Normal,6.5,2.2,2.9,103,10,8,7,No,None,2
P10273,Female,21,Lawyer,8.1,10,81,66,14069,107,68,21.4,Normal,6.4,1.0,3.1,80,10,9,7,No,Frequent,1
P10274,Male,45,Sales Representative,5.4,3,32,88,6233,127,79,25.1,Overweight,9.7,10.0,2.3,344,4,4,3,No,Occasional,10
P10275,Female,35,Doctor,6.0,4,48,83,7255,126,77,25.1,Overweight,9.1,9.0,2.4,327,4,5,3,No,Occasional,9
P10276,Male,25,Engineer,7.8,9,70,71,12138,111,71,21.9,Normal,7.0,2.9,2.7,149,9,8,6,No,None,3
P10277,Male,41,Nurse,6.0,4,49,81,9403,125,77,23.9,Normal,8.9,8.0,2.4,293,5,5,4,No,None,8
P10278,Male,43,Engineer,5.7,4,38,85,7144,128,77,24.1,Normal,9.4,9.0,2.2,312,4,5,3,Yes,Occasional,9
P10279,Male,40,Sales Representative,6.2,5,41,83,8102,124,78,23.5,Normal,8.9,8.0,2.4,289,5,5,4,Yes,Occasional,8
P10280,Male,40,Software Engineer,6.5,5,53,79,9516,121,76,23.8,Normal,8.3,6.9,2.7,272,6,6,4,No,Occasional,7
P10281,Female,39,Sales Representative,5.8,4,40,84,7938,127,77,24.4,Normal,9.1,9.0,2.4,329,4,4,3,No,None,9
P10282,Male,34,Salesperson,6.2,5,51,81,9101,119,73,25.0,Overweight,8.3,7.0,2.5,260,6,6,4,No,Frequent,7
P10283,Female,21,Doctor,8.4,10,79,64,14267,108,69,21.2,Normal,6.2,1.0,3.0,76,10,9,7,No,None,1
P10284,Male,35,Lawyer,6.4,5,51,80,9634,125,75,24.0,Normal,8.6,7.0,2.6,265,6,6,4,No,Frequent,7
P10285,Female,26,Doctor,8.5,10,81,67,14626,104,69,21.3,Normal,6.1,1.0,3.0,73,10,9,8,No,Occasional,1
P10286,Female,25,Manager,8.3,10,83,66,13999,110,68,20.3,Normal,6.1,1.0,3.1,84,10,9,7,No,Occasional,1
P10287,Female,30,Software Engineer,8.5,10,79,66,14272,106,70,21.6,Normal,6.2,1.0,3.0,78,10,9,7,No,Occasional,1
P10288,Female,24,Engineer,8.5,10,84,67,15032,108,68,21.1,Normal,6.3,1.0,3.0,79,10,9,7,No,None,1
P10289,Male,40,Salesperson,6.7,6,49,79,8201,122,77,23.3,Normal,8.4,7.0,2.5,259,6,6,4,Yes,Occasional,7
P10290,Female,33,Manager,6.3,6,51,78,9250,121,75,23.5,Normal,8.5,7.1,2.5,249,6,6,4,Yes,Occasional,7
P10291,Female,24,Lawyer,8.5,10,86,66,14531,108,67,21.8,Normal,6.1,1.0,2.8,77,10,10,7,No,None,1
P10292,Male,40,Manager,6.5,6,49,77,9483,123,75,23.3,Normal,8.4,7.0,2.4,253,6,6,4,No,Frequent,7
P10293,Male,41,Doctor,6.5,5,57,79,9485,119,75,23.4,Normal,8.5,6.9,2.4,261,6,6,4,No,Frequent,7
P10294,Male,31,Doctor,7.7,8,70,71,13293,115,70,22.0,Normal,6.9,3.0,2.7,130,9,8,6,No,Occasional,3
P10295,Male,32,Engineer,7.4,8,67,74,11729,114,71,23.8,Normal,7.5,3.9,2.7,172,8,7,6,No,Occasional,4
P10296,Male,41,Manager,5.9,4,41,85,6919,125,78,24.2,Normal,9.2,9.0,2.2,331,5,5,3,Yes,Occasional,9
P10297,Female,29,Sales Representative,7.4,8,70,71,11553,116,70,22.7,Normal,7.4,4.0,2.7,174,8,7,5,No,None,4
P10298,Female,37,Lawyer,5.9,4,42,83,7406,125,77,24.6,Normal,9.1,9.1,2.5,326,4,5,3,No,Frequent,9
P10299,Female,40,Lawyer,6.4,5,60,78,8779,123,75,23.1,Normal,8.8,7.1,2.5,258,6,6,5,No,Frequent,7
P10300,Male,37,Doctor,6.2,5,48,81,8050,121,77,23.9,Normal,8.8,7.8,2.4,294,5,5,4,No,Frequent,8
P10301,Male,28,Doctor,8.1,9,71,69,13495,110,69,21.9,Normal,6.4,2.1,2.9,107,9,9,7,No,Occasional,2
P10302,Female,28,Salesperson,8.0,9,76,70,13471,111,69,21.5,Normal,6.4,2.1,2.8,105,9,9,7,No,Occasional,2
P10303,Female,31,Manager,6.4,6,52,77,8519,123,75,23.5,Normal,8.6,7.0,2.5,252,6,6,5,No,None,7
P10304,Female,39,Teacher,5.7,4,40,83,7202,123,75,24.3,Normal,9.2,9.0,2.4,321,4,5,3,No,Occasional,9
P10305,Female,46,Nurse,6.8,6,53,78,10653,120,74,23.6,Normal,8.1,6.1,2.6,230,6,7,5,No,Frequent,6
P10306,Female,32,Scientist,7.3,8,66,72,12133,116,74,22.4,Normal,7.1,4.0,2.7,167,8,8,6,No,Occasional,4
P10307,Male,32,Doctor,7.9,8,69,71,12386,109,70,22.4,Normal,7.0,3.0,2.9,148,9,9,7,No,Occasional,3
P10308,Male,38,Scientist,6.0,4,44,85,7629,126,76,24.1,Normal,9.2,8.9,2.3,315,4,4,4,No,Occasional,9
P10309,Male,33,Teacher,6.5,6,58,78,9423,118,74,23.9,Normal,8.1,6.0,2.5,235,7,6,5,No,None,6
P10310,Female,39,Software Engineer,6.2,5,43,80,8034,122,75,23.6,Normal,8.6,8.0,2.5,298,5,5,4,No,None,8
P10311,Female,30,Teacher,7.5,8,66,72,11795,113,70,22.9,Normal,7.2,3.9,2.7,155,8,7,6,No,Occasional,4
P10312,Female,36,Engineer,6.5,6,55,79,9085,123,74,23.8,Normal,8.5,6.9,2.4,261,6,6,4,No,None,7
P10313,Female,43,Engineer,5.7,3,33,86,6460,129,76,24.8,Normal,9.6,10.0,2.2,353,4,4,2,Yes,Occasional,10
P10314,Female,33,Scientist,6.9,6,59,78,8976,118,75,22.6,Normal,8.4,6.0,2.5,236,7,6,5,No,Frequent,6
P10315,Female,27,Engineer,7.8,8,71,71,12676,113,71,21.5,Normal,6.8,2.9,2.9,126,9,8,7,No,None,3
P10316,Female,33,Lawyer,6.8,6,59,78,9427,121,71,23.2,Normal,8.1,6.0,2.5,242,7,7,5,No,Occasional,6
P10317,Male,33,Lawyer,6.8,6,58,77,10098,119,73,24.1,Normal,8.2,5.8,2.6,246,7,6,5,No,None,6
P10318,Female,39,Nurse,6.7,6,60,77,10478,119,73,25.2,Overweight,8.2,6.1,2.6,224,7,7,5,No,None,6
P10319,Male,44,Sales Representative,6.0,4,41,83,7074,125,80,24.7,Normal,9.1,9.0,2.2,324,4,5,3,Yes,None,9
P10320,Male,36,Engineer,6.6,6,59,77,10646,119,73,23.7,Normal,8.3,5.9,2.6,229,6,6,5,No,None,6
P10321,Female,33,Doctor,7.1,7,62,76,11009,121,73,22.8,Normal,7.6,4.9,2.7,197,7,7,5,Yes,None,5
P10322,Female,43,Software Engineer,5.6,3,33,84,6359,128,78,24.5,Normal,9.5,9.9,2.3,355,4,4,3,No,None,10
P10323,Male,32,Scientist,7.4,7,70,69,11219,117,71,23.1,Normal,7.6,4.0,2.8,161,8,7,6,No,Occasional,4
P10324,Female,24,Scientist,8.5,10,74,68,14247,108,68,20.9,Normal,6.1,1.0,3.0,77,10,9,7,No,Frequent,1
P10325,Female,40,Engineer,5.3,3,34,85,6428,127,78,24.9,Normal,9.3,10.0,2.2,354,4,4,3,No,Frequent,10
P10326,Female,38,Doctor,5.8,4,42,83,7202,127,77,24.2,Normal,9.5,9.1,2.2,317,5,5,3,No,Occasional,9
P10327,Male,34,Sales Representative,6.5,6,49,80,9129,119,75,22.7,Normal,8.3,7.2,2.4,260,6,6,4,No,Occasional,7
P10328,Male,45,Software Engineer,5.4,3,37,85,5997,129,79,24.7,Normal,9.5,9.9,2.1,347,4,4,3,Yes,None,10
P10329,Female,28,Engineer,8.4,10,89,67,14345,112,68,21.3,Normal,6.2,1.1,3.1,69,10,9,7,No,Occasional,1
P10330,Female,44,Scientist,6.0,5,51,81,8569,124,76,24.4,Normal,9.1,8.0,2.5,302,6,5,4,No,None,8
P10331,Female,24,Sales Representative,8.3,10,86,67,15606,106,69,21.2,Normal,6.1,1.0,3.2,76,10,9,8,No,Occasional,1
P10332,Male,44,Software Engineer,5.8,4,42,83,6679,125,75,25.0,Overweight,9.3,8.9,2.5,331,5,5,3,No,Frequent,9
P10333,Female,39,Software Engineer,7.8,8,72,69,12857,114,74,22.1,Normal,7.0,2.9,2.9,140,8,8,6,No,Occasional,3
P10334,Male,32,Scientist,7.0,7,66,74,10500,115,71,23.4,Normal,7.7,4.9,2.6,207,7,7,5,No,Occasional,5
P10335,Female,31,Teacher,7.4,8,65,73,11309,115,73,22.8,Normal,7.3,4.1,2.7,169,8,7,6,Yes,Occasional,4
P10336,Male,31,Salesperson,6.6,5,48,79,8886,121,73,23.0,Normal,8.6,6.8,2.4,266,6,6,4,No,Occasional,7
P10337,Male,40,Manager,5.8,4,41,84,8148,125,77,25.1,Overweight,9.2,8.9,2.3,324,4,5,3,No,Frequent,9
P10338,Male,36,Software Engineer,6.8,7,63,79,10950,120,74,23.6,Normal,7.9,5.9,2.5,238,7,6,5,No,Occasional,6
P10339,Male,25,Sales Representative,8.5,10,83,67,14469,107,67,21.3,Normal,6.3,1.0,3.0,81,10,9,7,No,Occasional,1
P10340,Male,30,Manager,7.7,8,65,72,10993,117,71,22.3,Normal,7.6,4.0,2.7,166,8,8,6,No,Occasional,4
P10341,Male,34,Nurse,6.1,5,46,79,8553,119,76,24.0,Normal,8.8,7.9,2.4,284,5,5,4,No,None,8
P10342,Female,29,Nurse,7.7,8,71,69,12825,110,71,22.6,Normal,6.7,3.1,2.9,133,8,8,6,No,Frequent,3
P10343,Male,35,Software Engineer,7.8,9,71,71,13015,112,70,22.8,Normal,6.9,3.0,2.8,136,8,8,6,No,None,3
P10344,Female,42,Lawyer,5.8,4,40,84,7176,129,76,23.9,Normal,8.8,9.0,2.3,329,4,5,3,No,Frequent,9
P10345,Male,32,Doctor,6.9,7,59,76,11077,114,73,23.4,Normal,7.5,5.1,2.7,202,7,7,5,No,Occasional,5
P10346,Male,24,Software Engineer,7.9,9,77,69,13291,110,70,21.7,Normal,6.5,2.1,3.0,104,9,9,7,No,Frequent,2
P10347,Male,39,Sales Representative,6.5,6,50,80,9416,119,75,23.7,Normal,8.5,6.9,2.4,268,6,6,4,No,Frequent,7
P10348,Male,41,Engineer,5.8,4,44,84,8261,123,78,24.8,Normal,9.3,9.0,2.2,322,4,4,3,Yes,Occasional,9
P10349,Female,36,Doctor,7.5,8,63,72,12104,115,73,22.7,Normal,7.4,4.0,2.7,171,8,7,6,No,None,4
P10350,Female,46,Doctor,5.4,3,35,84,6427,128,79,24.7,Normal,9.8,9.9,2.1,365,4,4,3,Yes,None,10
P10351,Male,37,Manager,6.6,6,56,77,10981,120,73,23.0,Normal,8.2,5.9,2.5,231,6,6,5,No,None,6
P10352,Male,35,Doctor,7.1,7,61,75,11083,118,74,23.9,Normal,7.2,5.0,2.6,201,7,7,5,No,None,5
P10353,Female,37,Manager,6.4,5,50,80,9486,121,75,23.5,Normal,8.5,7.0,2.3,267,6,6,5,Yes,Occasional,7
P10354,Male,23,Lawyer,7.7,8,71,71,12939,114,69,21.9,Normal,7.0,2.9,2.8,128,8,8,7,No,Frequent,3
P10355,Female,35,Scientist,6.9,6,60,77,9642,119,75,23.2,Normal,8.0,6.1,2.6,223,7,6,5,No,None,6
P10356,Male,34,Doctor,6.9,6,59,78,9772,118,73,23.0,Normal,8.2,5.9,2.6,233,7,6,5,No,Occasional,6
P10357,Female,40,Teacher,5.7,4,39,83,7129,123,78,25.3,Overweight,9.5,8.9,2.3,305,4,5,3,Yes,Occasional,9
P10358,Female,36,Lawyer,6.3,6,47,83,9579,120,75,23.7,Normal,8.5,6.9,2.4,262,6,6,4,No,Frequent,7
P10359,Male,26,Manager,7.9,10,70,68,13912,107,72,22.4,Normal,6.6,1.9,2.8,105,9,9,7,No,Occasional,2
P10360,Male,34,Teacher,7.1,7,64,74,11501,116,73,22.4,Normal,7.8,5.0,2.6,199,7,7,5,Yes,Occasional,5
P10361,Female,42,Manager,7.0,7,60,74,10790,119,72,22.9,Normal,7.7,4.9,2.7,199,7,7,5,No,Frequent,5
P10362,Female,40,Sales Representative,6.0,5,45,80,8148,123,75,24.0,Normal,9.0,8.0,2.4,300,5,5,4,No,Frequent,8
P10363,Male,41,Lawyer,5.7,4,42,83,7452,127,78,24.8,Normal,9.3,9.0,2.3,318,4,4,3,No,None,9
P10364,Female,43,Nurse,5.9,4,46,86,7538,127,77,24.2,Normal,9.2,9.1,2.3,314,4,4,3,No,Frequent,9
P10365,Male,47,Teacher,5.4,3,38,89,7127,126,79,25.0,Overweight,9.7,10.0,2.1,353,4,4,3,No,None,10
P10366,Female,41,Doctor,6.2,5,44,80,7753,125,77,24.2,Normal,9.1,8.0,2.5,298,5,5,4,No,Frequent,8
P10367,Male,30,Engineer,8.3,9,74,68,13709,111,70,21.1,Normal,6.5,2.0,2.8,108,9,9,7,Yes,Occasional,2
P10368,Male,28,Teacher,8.4,10,85,65,14733,110,68,21.2,Normal,6.4,1.0,2.9,69,10,9,7,No,None,1
P10369,Male,42,Manager,5.7,4,39,84,7273,126,75,24.7,Normal,9.3,9.1,2.3,325,4,5,3,No,Frequent,9
P10370,Female,42,Manager,5.6,3,36,85,6853,128,79,24.0,Normal,9.7,9.9,2.1,346,4,4,3,No,None,10
P10371,Female,31,Lawyer,6.7,6,57,77,10277,116,73,22.9,Normal,8.0,6.1,2.6,241,7,6,5,No,None,6
P10372,Male,35,Sales Representative,7.4,8,66,73,12314,114,70,22.3,Normal,7.3,4.2,2.7,172,8,7,6,No,None,4
P10373,Male,36,Lawyer,7.2,7,60,75,11076,117,73,22.5,Normal,7.6,5.0,2.5,189,7,7,5,No,None,5
P10374,Male,41,Nurse,5.4,3,37,86,6700,132,80,24.9,Normal,9.5,10.0,2.1,354,4,4,2,No,Occasional,10
P10375,Male,41,Nurse,6.4,6,53,78,9648,124,74,23.7,Normal,8.5,7.0,2.5,261,6,6,4,No,None,7
P10376,Female,34,Engineer,7.5,8,70,73,11632,115,70,23.0,Normal,7.4,4.1,2.8,159,8,7,6,No,None,4
P10377,Female,39,Lawyer,5.4,4,39,87,7639,126,77,24.7,Normal,9.6,10.0,2.2,356,4,4,3,No,Occasional,10
P10378,Female,41,Lawyer,6.5,6,50,81,9983,124,74,23.9,Normal,8.5,7.0,2.5,259,6,6,5,Yes,Occasional,7
P10379,Male,39,Teacher,6.6,6,56,78,9513,118,76,22.6,Normal,8.0,6.0,2.6,229,6,6,5,No,Frequent,6
P10380,Male,35,Engineer,7.1,7,62,75,11594,118,71,23.1,Normal,7.9,4.9,2.6,205,7,7,5,No,Frequent,5
P10381,Male,41,Salesperson,5.3,3,34,84,6098,128,76,24.8,Normal,9.6,9.7,2.1,357,4,4,3,No,None,10
P10382,Female,36,Lawyer,6.6,6,50,79,9368,121,74,22.7,Normal,8.7,6.8,2.6,248,6,6,5,Yes,Occasional,7
P10383,Female,33,Lawyer,6.6,6,54,76,9671,120,72,24.0,Normal,8.2,6.0,2.5,228,7,6,5,Yes,Occasional,6
P10384,Male,39,Nurse,6.0,5,43,82,8109,124,75,23.1,Normal,8.7,8.2,2.4,297,6,5,4,No,Occasional,8
P10385,Male,35,Engineer,6.7,7,55,76,10799,119,74,23.1,Normal,8.2,6.0,2.5,236,7,6,5,No,None,6
P10386,Male,42,Software Engineer,6.2,5,49,81,8593,126,77,24.2,Normal,9.0,7.9,2.5,299,5,6,4,No,Frequent,8
P10387,Female,25,Sales Representative,8.1,9,77,68,14477,112,67,22.4,Normal,6.5,2.1,3.0,126,9,9,7,No,None,2
P10388,Male,36,Scientist,6.4,5,56,79,8754,121,73,24.0,Normal,8.6,7.0,2.4,267,6,6,4,No,Occasional,7
P10389,Male,38,Doctor,6.4,6,55,80,9151,124,76,23.0,Normal,8.7,6.9,2.3,270,6,6,4,Yes,Occasional,7
P10390,Female,37,Lawyer,6.8,6,56,76,10572,118,75,23.2,Normal,7.9,5.9,2.5,232,7,7,5,No,None,6
P10391,Male,33,Engineer,8.0,9,72,69,13160,110,72,22.2,Normal,6.7,1.9,2.8,114,10,9,7,Yes,None,2
P10392,Male,29,Manager,7.0,7,64,76,11441,112,73,22.9,Normal,7.9,5.1,2.6,215,7,7,5,No,None,5
P10393,Female,38,Sales Representative,6.5,6,55,77,8700,121,75,23.7,Normal,8.5,7.0,2.4,256,6,6,4,Yes,Frequent,7
P10394,Female,41,Software Engineer,6.3,6,48,81,9668,124,75,23.2,Normal,8.6,7.0,2.6,254,6,6,4,No,Occasional,7
P10395,Male,25,Salesperson,8.5,10,82,67,14382,108,67,21.2,Normal,6.2,1.1,3.0,66,10,9,7,No,Occasional,1
P10396,Male,39,Scientist,5.7,4,37,86,7773,125,75,25.0,Overweight,9.3,9.0,2.3,327,5,5,3,No,Occasional,9
P10397,Male,38,Teacher,5.5,4,32,86,6500,128,78,25.3,Overweight,9.9,10.0,2.3,351,4,4,3,No,Occasional,10
P10398,Male,29,Lawyer,8.4,10,82,66,14247,108,67,21.4,Normal,6.2,1.0,3.0,74,10,9,8,No,None,1
P10399,Female,31,Manager,7.9,9,76,71,12343,113,72,21.8,Normal,7.0,2.9,2.7,143,9,8,6,No,Frequent,3
P10400,Male,25,Scientist,7.7,9,73,69,12926,112,70,21.8,Normal,6.9,2.9,2.9,146,8,8,6,No,Occasional,3
P10401,Male,31,Manager,7.4,7,64,72,12079,113,73,21.9,Normal,7.4,4.2,2.8,176,8,8,6,No,None,4
P10402,Female,29,Software Engineer,8.0,9,79,68,13812,111,68,22.8,Normal,6.8,2.1,2.9,116,10,9,7,No,Occasional,2
P10403,Female,44,Doctor,5.4,4,32,85,6721,129,79,24.1,Normal,9.5,10.0,2.3,358,4,4,3,No,Frequent,10
P10404,Female,28,Salesperson,7.1,8,70,73,11993,114,68,21.9,Normal,7.3,4.1,2.8,161,8,7,6,No,None,4
P10405,Female,23,Engineer,8.3,10,81,68,15430,105,66,21.2,Normal,6.1,1.0,2.9,76,10,9,7,No,None,1
P10406,Male,35,Nurse,7.6,7,68,73,11978,113,71,22.8,Normal,7.1,3.9,2.7,177,8,8,6,No,Occasional,4
P10407,Female,38,Doctor,6.4,6,50,80,9473,122,76,23.3,Normal,8.2,6.9,2.5,266,6,6,5,No,None,7
P10408,Male,30,Manager,7.2,7,60,74,11001,118,73,22.5,Normal,7.7,5.1,2.5,200,7,7,5,No,Occasional,5
P10409,Male,37,Engineer,5.5,3,32,85,6598,129,78,24.3,Normal,9.6,10.0,2.4,363,4,4,3,No,Occasional,10
P10410,Female,29,Engineer,7.3,8,63,73,12704,117,69,22.4,Normal,7.6,3.9,2.8,179,8,8,6,No,Occasional,4
P10411,Female,37,Nurse,6.4,6,53,80,8793,122,76,23.3,Normal,8.3,7.0,2.5,262,5,6,4,Yes,None,7
P10412,Male,40,Sales Representative,5.3,3,35,85,5518,127,78,25.1,Overweight,9.7,9.8,2.1,360,4,4,3,No,None,10
P10413,Male,30,Lawyer,8.5,10,87,67,14349,110,68,21.5,Normal,6.4,1.0,3.0,72,10,9,7,No,None,1
P10414,Male,33,Nurse,7.7,8,69,69,12387,112,70,22.0,Normal,7.0,3.0,2.9,155,9,8,6,No,None,3
P10415,Male,43,Software Engineer,5.8,4,42,84,7905,126,77,24.5,Normal,9.3,8.9,2.3,321,5,5,3,No,None,9
P10416,Female,40,Software Engineer,6.0,5,44,81,7803,125,76,24.3,Normal,8.8,7.9,2.4,299,5,6,4,No,Occasional,8
P10417,Male,31,Scientist,7.5,8,65,72,11302,116,73,22.9,Normal,7.5,4.0,2.8,165,8,7,6,No,Occasional,4
P10418,Female,31,Manager,7.3,8,67,73,12624,114,71,22.3,Normal,7.1,4.0,2.7,161,8,8,5,No,Occasional,4
P10419,Female,38,Software Engineer,6.7,6,60,78,10067,118,73,22.6,Normal,7.9,5.9,2.7,236,6,6,5,No,Occasional,6
P10420,Male,30,Software Engineer,7.8,8,70,72,12488,112,71,21.4,Normal,7.0,3.1,2.7,133,9,9,6,No,Occasional,3
P10421,Female,26,Lawyer,8.0,8,64,72,11763,113,71,21.5,Normal,7.2,3.1,3.1,138,9,8,6,No,None,3
P10422,Male,34,Salesperson,6.8,6,60,77,10653,118,73,23.5,Normal,8.1,6.1,2.6,228,7,7,5,No,Occasional,6
P10423,Female,41,Manager,6.2,5,43,81,7797,123,76,24.1,Normal,8.8,8.1,2.4,289,5,5,4,No,Occasional,8
P10424,Female,40,Manager,6.2,4,39,82,8230,124,76,24.6,Normal,8.9,7.9,2.3,291,5,5,4,No,None,8
P10425,Male,32,Doctor,7.5,8,67,75,11477,113,73,22.6,Normal,7.2,4.0,2.8,157,8,8,6,No,Occasional,4
P10426,Male,26,Salesperson,8.2,9,79,68,13555,108,69,21.7,Normal,6.5,2.1,3.0,108,9,9,7,No,None,2
P10427,Male,35,Engineer,7.8,8,69,69,12719,110,71,22.0,Normal,6.7,3.0,3.0,150,9,8,6,No,None,3
P10428,Female,37,Manager,5.4,3,37,87,7168,124,76,24.6,Normal,9.5,10.0,2.1,357,4,5,3,No,None,10
P10429,Male,32,Software Engineer,6.7,6,60,77,10529,121,74,22.5,Normal,8.3,6.1,2.6,233,7,6,5,No,Occasional,6
P10430,Male,26,Teacher,8.4,10,87,65,14591,104,67,21.8,Normal,6.2,1.0,3.0,78,10,9,7,No,None,1
P10431,Female,31,Nurse,6.6,6,56,76,9514,117,75,23.2,Normal,8.1,5.9,2.6,216,6,7,5,Yes,None,6
P10432,Male,37,Doctor,6.1,5,48,83,8571,123,76,23.8,Normal,8.9,8.0,2.3,281,5,5,4,No,Occasional,8
P10433,Male,35,Sales Representative,7.1,7,60,77,11251,118,72,23.3,Normal,7.8,4.9,2.6,190,7,7,5,No,None,5
P10434,Male,35,Salesperson,6.1,5,43,80,8641,124,75,24.2,Normal,9.0,8.0,2.3,302,5,6,4,No,Occasional,8
P10435,Female,33,Scientist,8.1,9,73,68,13954,108,71,22.7,Normal,6.8,2.1,3.0,93,9,9,6,Yes,Occasional,2
P10436,Male,44,Software Engineer,5.4,3,35,84,6599,129,78,24.6,Normal,9.8,9.9,2.2,356,4,4,3,No,None,10
P10437,Female,32,Salesperson,7.0,7,66,73,10213,115,72,22.5,Normal,7.6,5.0,2.6,204,7,7,6,No,Occasional,5
P10438,Male,38,Engineer,6.6,5,53,82,9213,122,76,23.8,Normal,8.5,6.7,2.5,275,6,6,4,No,Occasional,7
P10439,Male,40,Manager,6.1,5,45,82,8391,124,78,23.8,Normal,8.8,8.0,2.3,298,5,5,3,No,None,8
P10440,Male,39,Scientist,6.7,6,56,77,10007,118,75,23.6,Normal,7.9,6.1,2.6,223,7,6,5,No,Occasional,6
P10441,Male,38,Sales Representative,5.8,4,45,84,6710,123,78,24.9,Normal,9.3,9.2,2.3,315,4,5,3,No,None,9
P10442,Male,28,Doctor,7.9,9,72,71,13386,113,70,22.2,Normal,6.9,3.0,2.7,129,9,8,6,No,Occasional,3
P10443,Female,38,Scientist,6.8,6,53,78,10094,118,72,23.3,Normal,8.0,6.0,2.7,231,7,7,5,Yes,Frequent,6
P10444,Female,42,Software Engineer,5.6,4,48,82,6805,126,79,25.1,Overweight,9.3,9.1,2.4,331,4,5,3,Yes,Frequent,9
P10445,Female,32,Lawyer,7.3,7,59,75,10655,118,72,22.7,Normal,7.6,5.1,2.6,185,7,7,5,No,None,5
P10446,Female,37,Scientist,6.0,5,45,82,8801,123,76,23.7,Normal,8.7,8.0,2.4,279,5,5,4,No,Frequent,8
P10447,Male,35,Teacher,6.6,7,57,77,9673,118,71,23.0,Normal,8.1,6.0,2.5,225,7,7,5,No,None,6
P10448,Male,30,Sales Representative,8.0,9,78,69,13372,108,70,22.2,Normal,6.5,1.9,2.9,116,9,9,7,Yes,Occasional,2
P10449,Male,42,Nurse,6.0,5,46,83,8080,124,76,24.3,Normal,8.8,8.1,2.3,287,5,5,4,No,None,8
P10450,Male,37,Software Engineer,6.9,6,51,76,10307,118,74,23.2,Normal,8.4,5.9,2.6,230,7,7,5,No,Occasional,6
P10451,Female,40,Nurse,6.6,6,55,78,9439,121,73,24.3,Normal,8.6,7.0,2.4,257,6,6,4,Yes,Frequent,7
P10452,Female,31,Lawyer,6.9,6,54,76,10141,117,72,23.4,Normal,8.0,6.1,2.5,226,7,6,5,No,Occasional,6
P10453,Female,30,Scientist,8.0,8,74,71,12753,112,73,22.0,Normal,6.9,2.9,2.7,144,8,8,6,No,Occasional,3
P10454,Female,42,Sales Representative,5.8,4,43,84,7463,127,77,24.5,Normal,9.5,9.1,2.4,323,4,5,3,No,Frequent,9
P10455,Male,25,Teacher,8.4,10,81,67,14277,109,67,21.4,Normal,6.0,1.0,3.1,73,10,9,7,No,None,1
P10456,Male,31,Lawyer,8.1,10,80,71,13200,112,68,21.0,Normal,6.5,1.9,2.9,93,9,8,7,No,Frequent,2
P10457,Female,40,Salesperson,5.9,5,45,83,8044,126,77,24.0,Normal,8.8,8.1,2.3,280,5,5,4,Yes,Frequent,8
P10458,Male,32,Manager,7.2,8,69,72,12095,115,73,22.8,Normal,7.5,4.0,2.7,165,8,8,6,No,Occasional,4
P10459,Male,39,Manager,5.7,4,39,84,8113,127,77,23.9,Normal,9.3,9.0,2.2,330,5,5,3,No,Frequent,9
P10460,Male,36,Software Engineer,5.6,4,42,84,7293,127,76,24.2,Normal,9.4,9.0,2.2,312,4,5,3,No,Occasional,9
P10461,Male,32,Manager,7.8,9,72,69,13236,114,69,21.7,Normal,6.6,3.0,2.8,134,9,9,6,No,Frequent,3
P10462,Male,43,Engineer,5.6,3,40,85,5941,128,77,24.9,Normal,9.3,10.0,2.2,354,4,4,3,No,Frequent,10
P10463,Male,33,Doctor,7.2,7,65,75,11382,118,73,22.9,Normal,7.8,4.8,2.7,199,7,7,5,No,None,5
P10464,Male,22,Sales Representative,8.0,9,81,67,13343,110,67,22.1,Normal,6.5,1.9,2.9,106,9,9,7,No,Occasional,2
P10465,Male,30,Lawyer,7.6,8,67,73,12280,116,70,23.3,Normal,7.5,4.0,2.7,162,8,8,5,No,None,4
P10466,Female,39,Sales Representative,5.7,4,40,84,7403,124,77,23.9,Normal,9.3,9.0,2.3,326,5,4,4,No,Occasional,9
P10467,Male,29,Engineer,7.8,9,75,73,12854,111,69,22.7,Normal,6.9,2.8,2.7,141,9,8,6,No,Occasional,3
P10468,Female,30,Scientist,8.2,10,84,68,14423,107,67,21.2,Normal,6.2,1.0,3.1,71,10,9,8,No,None,1
P10469,Female,32,Manager,7.8,9,76,72,12634,114,71,22.5,Normal,6.8,3.0,2.8,144,8,8,6,No,Occasional,3
P10470,Male,28,Teacher,7.4,8,70,74,11851,113,71,22.7,Normal,7.5,4.0,2.6,174,8,8,6,No,Occasional,4
P10471,Female,29,Sales Representative,7.8,9,73,69,13242,111,72,22.2,Normal,7.0,3.1,2.6,130,8,8,6,Yes,Occasional,3
P10472,Female,39,Doctor,5.8,4,42,83,6876,125,75,24.4,Normal,9.2,9.0,2.3,309,4,5,3,No,Occasional,9
P10473,Female,28,Manager,8.4,10,84,66,14194,108,67,20.9,Normal,6.4,1.1,3.0,74,10,9,7,No,Occasional,1
P10474,Male,47,Software Engineer,6.3,6,53,81,9237,123,76,23.5,Normal,8.5,7.1,2.6,263,6,6,4,No,Occasional,7
P10475,Male,43,Teacher,5.4,3,37,88,6353,129,80,25.7,Overweight,9.7,10.0,2.2,352,4,4,3,No,Occasional,10
P10476,Female,32,Software Engineer,8.0,9,80,69,12869,109,67,21.9,Normal,6.7,1.9,3.0,101,9,9,6,No,Occasional,2
P10477,Female,37,Manager,7.4,8,66,73,12090,118,71,22.8,Normal,7.2,3.9,2.7,167,8,7,6,No,Occasional,4
P10478,Female,40,Engineer,6.8,6,62,79,9688,120,75,23.1,Normal,8.0,6.0,2.5,226,7,6,5,No,None,6
P10479,Male,32,Teacher,7.7,8,75,71,13441,112,68,22.3,Normal,7.0,3.0,2.9,138,9,8,7,No,None,3
P10480,Female,34,Salesperson,7.5,8,65,72,12118,115,71,23.2,Normal,7.7,3.9,2.6,167,8,7,6,No,Frequent,4
P10481,Male,32,Lawyer,7.7,8,65,73,11483,116,72,23.0,Normal,7.2,4.1,2.6,180,8,7,6,No,None,4
P10482,Female,22,Software Engineer,8.5,10,82,66,15406,107,66,20.8,Normal,6.3,1.1,3.0,71,10,9,7,No,Occasional,1
P10483,Male,41,Engineer,6.1,5,48,84,8148,124,77,24.2,Normal,8.7,8.0,2.4,286,5,5,4,Yes,Occasional,8
P10484,Female,31,Doctor,7.8,9,69,71,12543,111,70,22.1,Normal,6.9,2.8,2.7,144,8,8,6,No,None,3
P10485,Male,33,Doctor,7.9,9,71,71,13252,113,71,22.2,Normal,6.8,3.0,2.8,130,8,8,6,No,Occasional,3
P10486,Male,34,Teacher,6.6,6,58,77,10082,119,74,23.1,Normal,7.9,6.0,2.5,229,7,6,5,No,Occasional,6
P10487,Male,30,Sales Representative,7.9,8,82,72,12030,109,69,22.0,Normal,7.0,2.9,2.8,138,9,8,6,No,Occasional,3
P10488,Male,34,Lawyer,7.2,7,70,73,11069,120,72,23.4,Normal,7.8,5.1,2.7,211,7,7,5,Yes,None,5
P10489,Female,39,Software Engineer,7.0,6,49,77,10146,122,74,23.7,Normal,8.3,5.9,2.5,215,7,7,5,Yes,None,6
P10490,Female,29,Engineer,7.4,8,73,72,11900,115,73,22.5,Normal,7.4,4.0,2.9,164,8,8,5,No,Frequent,4
P10491,Female,36,Software Engineer,6.8,7,55,77,10449,121,74,23.1,Normal,8.2,6.0,2.5,232,6,6,4,Yes,None,6
P10492,Female,28,Doctor,8.5,10,87,66,14258,110,67,21.6,Normal,6.2,1.0,3.0,75,10,9,8,No,Frequent,1
P10493,Female,27,Engineer,8.1,9,79,68,13460,110,70,22.1,Normal,6.7,2.1,2.8,101,9,8,7,No,None,2
P10494,Female,37,Scientist,7.0,7,61,75,11118,118,74,22.6,Normal,7.7,5.2,2.7,201,7,6,6,No,Frequent,5
P10495,Male,26,Salesperson,8.6,10,81,65,13503,105,67,21.0,Normal,6.3,1.0,3.1,82,10,10,7,No,Occasional,1
P10496,Female,42,Sales Representative,5.5,4,43,84,6907,123,78,24.9,Normal,9.3,9.0,2.3,324,4,5,3,Yes,None,9
P10497,Male,46,Teacher,5.3,3,41,86,5911,131,79,25.2,Overweight,9.5,10.0,2.3,353,4,4,3,No,Occasional,10
P10498,Female,41,Engineer,5.8,4,37,85,6892,126,79,25.1,Overweight,9.2,9.0,2.3,328,4,4,3,Yes,None,9
P10499,Female,33,Engineer,7.3,8,70,73,11593,118,73,22.1,Normal,7.3,4.0,2.9,174,8,8,6,No,Occasional,4
P10500,Male,31,Doctor,8.2,10,82,65,14414,109,68,21.5,Normal,6.1,1.1,3.1,79,10,9,7,No,Occasional,1
P10501,Male,43,Salesperson,5.5,3,40,85,6628,130,79,25.3,Overweight,9.5,10.0,2.2,362,4,5,3,No,Frequent,10
P10502,Female,32,Scientist,7.6,8,79,70,12676,110,71,21.8,Normal,7.1,3.0,2.9,141,9,8,7,No,Occasional,3
P10503,Male,38,Engineer,5.8,5,51,81,8367,127,76,24.3,Normal,9.2,8.0,2.3,295,5,5,4,No,Frequent,8
P10504,Male,37,Lawyer,7.0,7,64,76,11467,116,73,22.4,Normal,7.7,4.9,2.7,221,7,7,5,No,None,5
P10505,Female,39,Engineer,5.6,4,43,83,8276,127,78,23.8,Normal,9.3,9.1,2.4,329,4,5,3,Yes,Occasional,9
P10506,Female,32,Nurse,7.3,7,66,74,11412,116,72,23.4,Normal,7.9,5.0,2.6,207,7,7,5,No,Occasional,5
P10507,Female,29,Scientist,8.4,10,83,65,14837,104,68,20.8,Normal,6.1,1.0,3.1,75,10,9,7,No,None,1
P10508,Male,31,Scientist,7.1,7,60,74,11099,118,72,23.7,Normal,7.6,4.9,2.7,195,7,7,5,No,None,5
P10509,Female,36,Manager,6.3,6,51,80,9099,121,77,23.5,Normal,8.5,7.0,2.5,264,6,6,4,No,None,7
P10510,Female,32,Nurse,7.7,8,66,73,11759,115,70,22.3,Normal,7.5,4.1,2.7,170,8,8,5,No,Occasional,4
P10511,Male,40,Scientist,5.7,5,44,84,7256,125,77,24.0,Normal,9.0,8.9,2.3,308,4,5,3,No,Frequent,9
P10512,Female,37,Doctor,6.2,5,45,84,8412,125,76,24.0,Normal,8.6,8.0,2.4,293,5,5,4,No,Occasional,8
P10513,Female,22,Doctor,8.5,10,83,66,14856,108,70,21.3,Normal,6.4,1.1,3.0,78,9,9,7,No,Occasional,1
P10514,Male,40,Teacher,6.2,5,46,82,7958,124,75,25.1,Overweight,8.8,7.9,2.2,288,6,6,3,Yes,Frequent,8
P10515,Male,30,Nurse,8.2,9,76,69,14665,108,69,21.7,Normal,6.5,2.0,3.0,101,9,9,6,No,Occasional,2
P10516,Female,40,Doctor,6.5,6,55,77,9581,121,74,23.3,Normal,8.5,7.0,2.5,264,6,6,4,No,Frequent,7
P10517,Male,33,Software Engineer,7.3,8,70,71,12109,116,70,23.8,Normal,7.2,4.1,2.6,165,8,8,6,No,None,4
P10518,Female,27,Scientist,7.1,7,59,75,10579,117,72,22.5,Normal,7.5,5.0,2.6,189,7,6,5,No,None,5
P10519,Male,32,Software Engineer,7.4,7,61,75,10912,116,73,23.0,Normal,7.5,5.1,2.6,203,7,7,5,No,Occasional,5
P10520,Female,38,Nurse,6.2,5,41,83,8225,123,75,23.4,Normal,9.2,8.0,2.5,295,5,6,3,Yes,None,8
P10521,Male,42,Salesperson,5.4,4,37,85,6637,130,78,24.6,Normal,9.6,9.9,2.3,351,4,4,3,No,Occasional,10
P10522,Male,34,Sales Representative,6.7,6,58,77,10732,119,73,23.3,Normal,8.1,6.0,2.6,225,6,7,5,No,Frequent,6
P10523,Male,32,Manager,7.7,9,77,72,12985,113,70,22.3,Normal,7.1,3.0,2.9,136,8,8,7,No,Occasional,3
P10524,Male,26,Engineer,8.3,10,74,68,12954,109,68,21.6,Normal,6.4,1.8,2.8,109,9,9,7,No,Occasional,2
P10525,Female,40,Doctor,5.9,4,44,81,8326,124,75,24.4,Normal,8.9,7.9,2.3,303,5,5,4,No,Occasional,8
P10526,Male,28,Engineer,8.2,10,82,66,14656,106,67,21.0,Normal,6.2,1.0,2.9,72,10,10,8,No,Frequent,1
P10527,Male,43,Teacher,5.7,4,36,84,7594,124,76,23.8,Normal,9.2,9.1,2.2,320,5,5,4,Yes,None,9
P10528,Male,38,Scientist,5.9,4,47,82,7741,127,78,24.9,Normal,9.3,9.1,2.2,314,5,5,3,Yes,None,9
P10529,Female,42,Nurse,5.8,4,38,82,7700,126,79,24.2,Normal,9.2,9.0,2.4,319,4,5,4,No,None,9
P10530,Male,32,Lawyer,8.3,9,75,67,13385,109,70,21.6,Normal,6.5,1.9,3.0,115,9,9,6,No,Occasional,2
P10531,Male,25,Software Engineer,8.3,10,85,66,15097,105,67,21.6,Normal,5.9,1.0,3.2,84,10,9,7,No,Occasional,1
P10532,Female,28,Doctor,8.3,10,77,67,14902,107,66,21.4,Normal,6.1,1.0,3.0,64,10,9,7,No,None,1
P10533,Male,32,Engineer,6.7,6,55,77,10532,115,74,23.1,Normal,8.0,6.1,2.7,234,6,7,4,Yes,Occasional,6
P10534,Female,33,Doctor,6.7,6,54,76,10470,120,73,24.0,Normal,8.1,5.9,2.6,231,6,7,5,No,None,6
P10535,Male,36,Teacher,8.0,9,75,70,12446,115,70,22.3,Normal,6.8,2.9,2.8,132,8,8,6,No,Occasional,3
P10536,Female,47,Engineer,5.3,3,33,87,6420,129,82,25.1,Overweight,10.0,9.9,2.2,354,4,5,2,No,Frequent,10
P10537,Female,35,Salesperson,7.4,8,75,72,12517,112,69,22.8,Normal,7.2,3.9,2.7,177,8,8,6,No,None,4
P10538,Female,31,Scientist,7.9,10,77,69,13788,109,70,22.0,Normal,6.3,2.0,2.8,109,9,9,6,No,None,2
P10539,Male,36,Doctor,6.7,6,58,78,10216,124,73,24.0,Normal,8.0,6.0,2.5,232,7,7,4,Yes,Occasional,6
P10540,Male,39,Engineer,5.8,4,38,86,8146,129,77,24.6,Normal,9.3,9.1,2.3,325,4,5,4,Yes,Occasional,9
P10541,Male,28,Software Engineer,7.8,9,68,69,12502,114,69,22.7,Normal,7.2,3.1,2.7,138,8,8,7,No,None,3
P10542,Male,21,Manager,8.3,10,83,67,14246,107,67,21.2,Normal,6.3,1.0,3.0,76,10,9,7,No,Occasional,1
P10543,Male,26,Engineer,8.4,10,82,66,14403,109,68,21.6,Normal,6.3,1.0,3.1,74,10,9,7,No,Occasional,1
P10544,Female,28,Teacher,8.3,10,87,66,14392,108,69,21.4,Normal,6.1,1.0,3.0,70,10,9,7,No,Occasional,1
P10545,Male,24,Scientist,8.5,10,83,66,14920,105,65,21.3,Normal,6.2,1.0,3.0,82,10,9,7,No,Frequent,1
P10546,Female,33,Teacher,7.6,8,70,74,11906,117,71,22.7,Normal,7.4,3.9,2.7,175,8,8,6,No,Occasional,4
P10547,Female,38,Sales Representative,6.2,5,48,80,9592,121,74,23.7,Normal,8.4,7.0,2.5,246,6,6,4,No,None,7
P10548,Female,34,Teacher,6.1,5,42,82,8326,125,76,24.1,Normal,9.0,7.9,2.3,291,5,5,4,No,Occasional,8
P10549,Female,45,Manager,5.2,3,31,84,6541,129,79,24.8,Normal,9.6,10.0,2.2,364,4,4,3,No,Occasional,10
P10550,Female,42,Sales Representative,5.3,3,37,87,6194,128,77,24.2,Normal,9.6,10.0,2.2,362,4,4,3,Yes,Occasional,10
P10551,Male,43,Sales Representative,5.3,3,35,85,5430,128,80,24.3,Normal,9.8,10.0,2.1,352,4,4,3,No,Occasional,10
P10552,Female,30,Salesperson,8.5,10,86,66,14504,110,69,21.1,Normal,6.4,1.0,3.0,76,10,9,7,No,None,1
P10553,Male,46,Nurse,5.9,4,44,81,7873,124,75,24.1,Normal,8.7,8.1,2.3,305,5,5,4,No,Frequent,8
P10554,Male,41,Teacher,7.7,8,65,74,11446,115,71,21.9,Normal,7.5,4.0,2.6,168,8,8,6,No,Frequent,4
P10555,Male,41,Manager,6.0,5,44,82,8664,122,76,23.5,Normal,9.0,7.9,2.4,293,5,5,4,No,Frequent,8
P10556,Male,34,Doctor,7.4,7,63,74,11771,116,70,21.9,Normal,7.5,4.0,2.6,171,8,8,6,No,None,4
P10557,Male,38,Salesperson,6.4,6,52,80,9436,120,72,23.8,Normal,8.3,7.0,2.5,265,6,6,4,Yes,Frequent,7
P10558,Male,35,Lawyer,7.8,8,69,72,12561,114,72,21.7,Normal,7.0,3.1,2.8,146,9,9,7,No,Occasional,3
P10559,Female,43,Engineer,5.3,3,31,85,6646,128,78,25.2,Overweight,9.5,10.0,2.2,359,4,4,3,No,Frequent,10
P10560,Male,23,Salesperson,8.2,10,76,67,14785,111,69,21.7,Normal,6.2,1.0,2.9,79,10,10,7,No,Occasional,1
P10561,Female,37,Software Engineer,6.2,5,43,82,7908,124,74,24.4,Normal,8.8,8.0,2.3,292,5,5,4,No,Frequent,8
P10562,Male,42,Scientist,5.9,4,41,84,7438,125,78,25.2,Overweight,9.1,9.0,2.4,345,5,5,3,No,Frequent,9
P10563,Female,39,Engineer,6.1,6,51,79,9322,123,77,23.6,Normal,8.3,7.0,2.5,259,6,6,4,No,Occasional,7
P10564,Male,46,Lawyer,5.5,3,41,85,6403,129,78,25.5,Overweight,9.7,10.0,2.2,354,4,4,3,Yes,Frequent,10
P10565,Male,39,Lawyer,6.2,5,47,82,8090,125,74,24.1,Normal,9.1,8.0,2.3,301,6,5,3,No,Occasional,8
P10566,Male,21,Salesperson,8.4,10,85,66,14085,107,69,20.7,Normal,6.0,1.0,3.0,75,10,10,7,No,Occasional,1
P10567,Male,31,Teacher,7.5,8,62,71,12282,116,72,21.9,Normal,7.1,3.8,2.6,161,8,7,6,No,Occasional,4
P10568,Male,33,Lawyer,7.6,8,72,71,11747,113,72,22.6,Normal,6.6,3.1,2.9,144,9,8,7,No,None,3
P10569,Female,42,Scientist,5.7,4,48,83,7229,127,76,24.3,Normal,9.1,9.0,2.3,331,4,5,3,No,Occasional,9
P10570,Male,38,Scientist,5.6,4,39,83,6832,127,76,24.4,Normal,9.3,9.0,2.3,326,4,5,3,No,None,9
P10571,Male,40,Engineer,6.1,5,50,83,8243,125,77,23.6,Normal,8.8,8.1,2.4,295,5,5,4,No,Frequent,8
P10572,Male,24,Lawyer,8.4,10,88,66,14933,109,68,21.3,Normal,6.2,1.1,3.0,80,10,9,7,Yes,None,1
P10573,Female,36,Engineer,6.8,7,52,78,9848,120,73,22.8,Normal,8.0,5.9,2.5,234,6,6,5,No,Occasional,6
P10574,Female,43,Salesperson,5.5,3,33,85,6705,129,79,25.3,Overweight,9.6,10.0,2.2,355,4,4,3,No,None,10
P10575,Male,37,Scientist,7.1,7,63,75,11945,116,73,22.9,Normal,7.8,5.0,2.6,206,7,7,6,Yes,Occasional,5
P10576,Female,37,Sales Representative,7.3,7,61,73,11662,114,72,22.9,Normal,7.7,5.1,2.7,209,8,7,5,No,Occasional,5
P10577,Female,24,Lawyer,8.7,10,87,65,15095,108,68,21.0,Normal,6.1,1.0,2.9,75,10,10,7,No,None,1
P10578,Male,33,Nurse,7.3,8,64,72,11673,115,70,22.8,Normal,7.2,4.0,2.7,164,8,8,5,No,Occasional,4
P10579,Female,37,Scientist,7.8,9,69,72,12340,115,70,21.4,Normal,7.1,2.9,2.8,124,8,8,7,No,None,3
P10580,Male,36,Manager,7.2,7,62,74,11246,119,72,23.2,Normal,7.5,5.0,2.6,195,7,7,5,No,None,5
P10581,Female,29,Doctor,7.5,8,62,75,11623,112,72,22.8,Normal,7.4,4.1,2.8,158,8,8,6,No,None,4
P10582,Male,30,Software Engineer,8.4,10,85,66,14667,107,67,21.2,Normal,6.1,1.1,3.0,69,10,9,7,No,None,1
P10583,Female,27,Software Engineer,8.4,10,82,66,14493,107,67,21.2,Normal,6.0,1.1,3.1,67,10,9,7,No,Occasional,1
P10584,Male,30,Teacher,7.4,8,68,73,11448,114,72,22.4,Normal,7.4,4.0,2.7,171,8,7,6,No,Frequent,4
P10585,Female,32,Sales Representative,7.5,8,69,73,11855,115,71,23.2,Normal,7.6,4.0,2.8,168,8,7,5,No,Occasional,4
P10586,Female,33,Engineer,7.4,7,67,72,11689,115,71,22.2,Normal,7.4,4.0,2.7,161,8,8,6,No,None,4
P10587,Male,47,Manager,5.4,4,34,86,5885,127,78,24.8,Normal,9.5,10.0,2.3,361,4,4,2,Yes,None,10
P10588,Male,41,Manager,6.7,6,56,77,10102,121,73,23.6,Normal,8.1,5.9,2.7,228,6,6,5,No,None,6
P10589,Female,30,Engineer,7.9,9,81,67,13802,110,68,22.1,Normal,6.8,2.0,3.0,103,9,9,7,No,Occasional,2
P10590,Male,26,Doctor,8.0,8,73,71,11714,112,69,22.2,Normal,7.0,3.0,2.8,127,8,8,7,No,None,3
P10591,Male,45,Nurse,5.3,3,36,87,6651,130,79,25.2,Overweight,9.6,9.9,2.2,366,4,4,3,No,Frequent,10
P10592,Female,29,Engineer,8.5,10,83,68,14483,107,68,21.8,Normal,6.1,1.0,3.0,93,10,9,7,No,Occasional,1
P10593,Female,35,Teacher,5.9,5,45,83,8956,124,76,24.2,Normal,8.6,8.2,2.5,301,5,5,4,No,Occasional,8
P10594,Male,46,Sales Representative,5.3,3,36,86,6111,130,78,24.2,Normal,9.5,10.0,2.0,351,4,5,3,Yes,None,10
P10595,Male,45,Doctor,6.4,5,55,79,9751,124,73,23.3,Normal,8.6,7.1,2.4,253,6,6,5,No,None,7
P10596,Female,36,Scientist,7.4,8,65,72,11108,117,71,22.4,Normal,7.5,3.9,2.7,164,8,7,6,No,None,4
P10597,Female,38,Teacher,6.7,6,53,78,9987,120,74,22.4,Normal,8.0,6.0,2.6,239,7,6,5,Yes,Occasional,6
P10598,Male,29,Engineer,7.6,9,76,72,13767,112,71,21.2,Normal,6.9,3.0,3.0,142,9,8,6,Yes,None,3
P10599,Male,35,Doctor,6.6,6,52,79,9327,122,75,23.6,Normal,8.3,7.0,2.4,264,6,6,4,Yes,Occasional,7
P10600,Male,34,Teacher,6.9,6,57,75,9226,120,74,23.7,Normal,8.2,6.1,2.7,215,7,7,5,No,Occasional,6
P10601,Female,34,Salesperson,7.7,8,71,72,12335,111,70,21.4,Normal,7.0,3.0,2.8,134,8,8,6,No,Occasional,3
P10602,Female,40,Scientist,5.5,3,31,87,6624,128,77,25.0,Overweight,9.6,9.9,2.2,361,4,4,3,No,Occasional,10
P10603,Female,26,Manager,8.2,9,78,69,14528,110,69,22.6,Normal,6.6,2.0,2.9,103,9,9,6,No,None,2
P10604,Male,41,Lawyer,5.8,4,42,84,7929,128,76,25.3,Overweight,9.1,9.0,2.2,333,4,5,3,No,Occasional,9
P10605,Female,36,Teacher,6.5,6,51,81,8794,121,73,24.3,Normal,8.4,7.1,2.4,266,6,6,4,Yes,Occasional,7
P10606,Male,41,Nurse,6.9,7,62,75,10914,114,73,22.5,Normal,7.7,4.9,2.6,214,7,7,5,No,Occasional,5
P10607,Male,39,Engineer,5.8,4,37,84,6520,125,76,24.7,Normal,9.3,9.1,2.2,318,5,4,3,Yes,Occasional,9
P10608,Male,32,Sales Representative,8.3,10,84,65,14173,109,67,21.1,Normal,6.0,1.0,3.1,56,10,9,7,No,None,1
P10609,Female,24,Salesperson,8.3,10,81,66,15121,110,67,21.0,Normal,6.1,1.1,2.8,79,10,9,7,No,Occasional,1
P10610,Female,24,Engineer,8.5,10,85,65,14744,110,67,21.5,Normal,6.3,1.0,2.9,67,10,9,8,No,None,1
P10611,Male,32,Teacher,8.5,10,85,67,14359,109,70,21.4,Normal,6.2,1.0,3.1,66,10,9,7,No,Occasional,1
P10612,Male,42,Scientist,5.6,3,33,85,6517,125,79,24.9,Normal,9.7,9.9,2.2,354,4,4,3,No,None,10
P10613,Female,33,Lawyer,7.5,8,63,75,12441,115,71,23.0,Normal,7.3,3.9,2.9,166,8,7,6,Yes,Occasional,4
P10614,Female,33,Salesperson,7.1,7,63,76,10707,115,71,23.0,Normal,7.6,5.0,2.8,190,8,7,6,Yes,Occasional,5
P10615,Female,33,Nurse,6.5,6,56,78,9547,117,74,23.9,Normal,8.0,6.1,2.5,240,7,7,5,No,Occasional,6
P10616,Female,33,Nurse,6.8,6,59,80,10835,118,74,23.4,Normal,8.0,6.0,2.5,225,7,6,4,No,Frequent,6
P10617,Female,31,Manager,7.5,8,71,74,12567,112,70,22.7,Normal,7.4,4.0,2.8,166,8,8,6,No,Occasional,4
P10618,Male,30,Software Engineer,8.2,9,76,70,13485,108,69,22.3,Normal,6.5,2.0,2.9,112,9,9,6,No,None,2
P10619,Male,32,Software Engineer,8.2,9,81,68,14355,109,71,21.8,Normal,6.5,1.8,3.0,111,9,8,7,Yes,None,2
P10620,Male,41,Teacher,6.8,6,57,78,9756,120,75,23.8,Normal,7.9,5.8,2.6,228,7,7,4,No,None,6
P10621,Male,28,Lawyer,7.8,8,68,69,13424,113,71,22.4,Normal,7.0,3.1,3.0,133,8,8,7,No,Occasional,3
P10622,Male,45,Nurse,5.7,5,47,84,7680,127,77,23.9,Normal,9.3,8.9,2.2,332,5,5,4,No,Occasional,9
P10623,Female,45,Teacher,5.6,4,37,83,6683,129,74,24.5,Normal,9.3,9.0,2.3,320,4,5,3,No,None,9
P10624,Male,46,Lawyer,6.0,5,41,82,8796,126,77,23.2,Normal,8.9,8.1,2.5,289,5,6,4,No,Frequent,8
P10625,Male,38,Lawyer,5.5,3,41,86,6246,127,79,25.2,Overweight,9.5,10.0,2.3,355,4,4,2,Yes,None,10
P10626,Female,41,Lawyer,5.2,4,34,86,5929,131,78,25.2,Overweight,9.6,10.0,2.1,354,4,4,3,Yes,Occasional,10
P10627,Female,20,Doctor,7.8,9,75,73,12091,112,71,21.6,Normal,6.8,3.0,2.9,141,8,7,6,No,Occasional,3
P10628,Male,32,Doctor,7.3,8,70,73,11962,117,73,21.9,Normal,7.4,4.0,2.7,165,8,8,5,Yes,Occasional,4
P10629,Female,44,Lawyer,6.0,5,54,83,8530,125,77,24.5,Normal,9.0,8.0,2.4,300,5,6,4,Yes,None,8
P10630,Female,32,Sales Representative,7.6,8,64,72,11830,114,70,22.3,Normal,7.2,3.9,2.7,178,8,8,6,No,Frequent,4
P10631,Male,27,Doctor,7.7,8,70,72,13461,111,70,22.2,Normal,6.8,3.0,2.8,143,9,8,6,No,None,3
P10632,Male,37,Lawyer,6.3,5,56,80,9343,121,74,23.9,Normal,8.4,7.0,2.6,259,6,6,4,Yes,Occasional,7
P10633,Male,34,Lawyer,7.5,8,68,73,11628,117,71,22.7,Normal,7.5,4.2,2.8,172,8,7,5,Yes,Occasional,4
P10634,Male,24,Nurse,7.9,8,75,71,13290,111,70,22.1,Normal,7.0,3.0,2.8,143,9,8,6,No,Occasional,3
P10635,Female,24,Teacher,8.1,9,76,69,13689,110,69,22.1,Normal,6.6,1.9,3.0,100,9,9,7,No,None,2
P10636,Male,28,Teacher,7.7,9,71,69,13067,112,69,22.7,Normal,7.1,2.9,2.8,144,9,8,6,No,None,3
P10637,Female,43,Sales Representative,6.0,5,41,80,7977,122,76,23.8,Normal,9.0,7.8,2.2,293,5,5,4,No,Occasional,8
P10638,Female,33,Sales Representative,7.3,7,59,75,11391,115,71,23.2,Normal,7.8,5.0,2.6,193,7,7,5,No,None,5
P10639,Male,40,Lawyer,5.4,4,41,86,6294,126,77,24.8,Normal,9.8,10.0,2.1,357,4,4,2,Yes,None,10
P10640,Female,44,Doctor,5.3,3,36,86,6310,131,78,25.2,Overweight,9.8,10.0,2.2,351,4,4,3,No,None,10
P10641,Male,34,Engineer,6.1,4,53,82,9290,121,74,23.6,Normal,8.9,8.0,2.3,284,5,5,4,Yes,None,8
P10642,Male,38,Software Engineer,5.4,3,34,85,6150,128,78,26.0,Overweight,9.8,10.0,2.3,349,4,5,3,No,Occasional,10
P10643,Male,19,Software Engineer,8.3,10,89,66,14327,107,66,21.1,Normal,6.1,1.1,3.0,79,10,9,8,Yes,Occasional,1
P10644,Male,30,Manager,7.6,8,67,70,11946,115,70,22.3,Normal,7.5,4.0,2.8,174,8,8,6,No,Occasional,4
P10645,Male,27,Engineer,8.3,10,86,65,14653,108,68,21.7,Normal,6.4,1.0,3.0,76,10,9,8,No,None,1
P10646,Female,40,Engineer,6.1,5,51,82,9182,122,76,23.8,Normal,9.1,8.1,2.5,289,5,5,4,No,Frequent,8
P10647,Male,30,Software Engineer,8.3,10,83,65,13932,107,67,21.9,Normal,6.0,1.2,3.0,75,10,9,7,No,None,1
P10648,Female,30,Teacher,7.9,8,69,71,12396,112,70,22.9,Normal,6.9,2.9,3.0,140,9,8,6,No,Occasional,3
P10649,Female,39,Scientist,6.8,6,59,76,10409,119,74,23.2,Normal,8.0,6.0,2.6,234,7,7,5,No,Occasional,6
P10650,Male,38,Scientist,6.5,6,52,81,9943,119,75,23.9,Normal,8.3,6.9,2.6,263,6,6,4,No,Frequent,7
P10651,Male,28,Teacher,8.2,9,79,69,13819,109,68,21.6,Normal,6.7,2.1,2.9,106,9,9,7,No,None,2
P10652,Female,30,Doctor,7.4,8,70,72,12493,111,69,22.8,Normal,7.4,3.8,2.6,165,8,7,6,No,None,4
P10653,Female,25,Sales Representative,8.1,9,79,67,13925,111,71,21.7,Normal,6.4,2.0,2.9,96,9,8,7,No,None,2
P10654,Male,49,Doctor,5.3,3,35,87,6029,128,77,23.8,Normal,9.8,10.0,2.2,352,4,4,3,No,Occasional,10
P10655,Male,44,Salesperson,5.4,3,40,85,6160,131,78,25.6,Overweight,9.3,9.9,2.1,359,4,4,3,Yes,None,10
P10656,Male,31,Lawyer,7.5,7,69,74,11962,114,71,22.2,Normal,7.4,4.0,2.7,161,8,7,6,No,Occasional,4
P10657,Female,29,Sales Representative,7.6,8,69,73,11367,114,69,21.5,Normal,7.3,4.0,2.9,174,8,8,6,No,None,4
P10658,Female,37,Salesperson,8.2,9,74,68,14109,111,70,22.6,Normal,6.4,2.0,3.0,102,9,9,7,No,None,2
P10659,Female,34,Scientist,7.1,7,62,75,11676,120,73,22.8,Normal,7.7,5.0,2.7,203,8,7,5,No,Frequent,5
P10660,Female,33,Engineer,7.7,8,68,71,11505,118,73,22.4,Normal,7.2,4.0,2.8,172,8,8,6,Yes,None,4
P10661,Male,22,Scientist,8.2,9,79,68,13668,106,68,22.0,Normal,6.9,2.0,2.9,104,9,9,7,No,None,2
P10662,Female,39,Lawyer,5.9,5,49,82,7836,123,77,23.9,Normal,8.9,8.0,2.3,292,5,5,3,No,None,8
P10663,Female,46,Teacher,5.2,3,37,86,6895,128,76,25.5,Overweight,9.6,9.9,2.2,351,4,4,3,No,Occasional,10
P10664,Male,29,Software Engineer,8.6,10,83,64,14293,110,67,21.2,Normal,6.1,1.0,3.1,81,10,9,7,No,Occasional,1
P10665,Female,34,Engineer,7.2,7,64,74,11220,117,72,23.1,Normal,7.9,5.0,2.5,195,7,8,5,No,None,5
P10666,Male,41,Teacher,6.6,5,52,79,8839,123,76,23.1,Normal,8.6,7.0,2.3,254,6,6,4,Yes,Occasional,7
P10667,Female,35,Salesperson,6.6,6,51,76,10644,121,74,23.0,Normal,7.9,6.1,2.5,227,6,7,5,No,None,6
P10668,Male,28,Lawyer,8.4,10,82,65,13905,110,67,21.8,Normal,6.3,1.0,3.1,67,10,9,7,No,None,1
P10669,Male,37,Software Engineer,6.5,5,59,81,8388,121,75,23.6,Normal,8.5,7.0,2.4,264,6,6,5,No,Occasional,7
P10670,Female,25,Lawyer,8.4,10,83,66,15190,107,68,21.5,Normal,6.2,1.0,3.0,79,10,9,7,No,None,1
P10671,Male,37,Sales Representative,6.9,6,53,77,10541,115,73,23.0,Normal,8.1,6.1,2.6,225,7,7,5,No,Frequent,6
P10672,Male,30,Engineer,7.8,7,67,74,12231,114,71,21.8,Normal,7.2,4.0,2.6,176,8,8,5,No,None,4
P10673,Female,33,Scientist,6.9,7,65,75,10547,118,72,23.3,Normal,7.4,5.0,2.7,199,7,7,5,No,Occasional,5
P10674,Female,38,Manager,6.4,6,57,81,9378,122,75,22.9,Normal,8.7,6.9,2.5,256,6,6,4,No,Occasional,7
P10675,Female,43,Sales Representative,5.3,3,38,86,5948,127,80,24.0,Normal,9.5,10.0,2.2,358,4,4,3,No,Occasional,10
P10676,Male,27,Software Engineer,8.5,10,82,68,14055,111,70,21.6,Normal,6.1,1.0,3.1,78,10,10,7,No,Occasional,1
P10677,Male,37,Engineer,6.8,6,53,78,9914,120,72,23.2,Normal,8.1,6.0,2.6,236,6,6,5,No,Occasional,6
P10678,Female,31,Software Engineer,7.7,9,74,71,12460,114,69,22.5,Normal,6.8,3.0,2.9,147,9,8,6,No,Frequent,3
P10679,Male,32,Doctor,7.7,9,74,72,13235,112,68,22.3,Normal,6.9,3.0,2.9,125,8,8,6,No,Occasional,3
P10680,Female,38,Scientist,5.6,4,45,82,7000,129,74,24.3,Normal,9.2,9.1,2.4,332,4,5,4,No,Frequent,9
P10681,Female,31,Engineer,7.4,8,71,73,12080,115,72,22.7,Normal,7.6,4.1,2.8,163,8,7,6,No,None,4
P10682,Female,46,Salesperson,5.4,3,30,86,6916,130,77,25.1,Overweight,9.7,9.9,2.2,366,4,4,3,No,None,10
P10683,Female,39,Sales Representative,5.6,3,34,87,6242,127,78,24.4,Normal,9.5,9.9,2.2,355,4,4,3,No,Occasional,10
P10684,Male,33,Salesperson,7.7,9,76,70,12971,114,68,21.6,Normal,6.8,2.9,2.9,133,9,8,6,No,Occasional,3
P10685,Female,40,Engineer,5.8,4,40,83,7213,128,76,24.1,Normal,9.3,8.8,2.2,321,4,5,3,No,Frequent,9
P10686,Male,40,Sales Representative,5.8,4,42,84,7610,128,77,23.8,Normal,9.3,9.1,2.2,322,4,5,3,No,None,9
P10687,Male,37,Sales Representative,6.1,5,42,80,7622,125,73,24.1,Normal,8.9,8.0,2.3,296,5,6,4,No,None,8
P10688,Female,34,Teacher,7.2,7,62,77,11249,118,73,22.3,Normal,7.5,5.0,2.7,193,7,7,6,No,Occasional,5
P10689,Male,33,Scientist,7.7,8,69,70,12919,112,71,22.1,Normal,6.8,3.0,2.8,147,8,8,6,No,None,3
P10690,Female,30,Manager,8.8,10,85,68,14495,107,68,21.5,Normal,6.4,1.0,3.0,70,10,9,7,No,None,1
P10691,Male,34,Sales Representative,8.4,10,81,66,14721,108,66,21.0,Normal,6.1,1.0,2.9,85,10,9,7,No,Occasional,1
P10692,Female,27,Scientist,8.6,10,78,65,14695,105,65,21.4,Normal,6.0,1.1,3.1,72,10,9,8,No,None,1
P10693,Female,29,Engineer,8.3,9,82,68,13711,111,68,20.9,Normal,6.5,2.1,3.0,110,9,8,7,Yes,Frequent,2
P10694,Female,32,Engineer,6.6,6,59,79,10624,121,73,23.0,Normal,7.9,6.0,2.6,221,6,6,5,No,Occasional,6
P10695,Female,41,Sales Representative,6.7,6,61,75,10285,121,74,23.4,Normal,8.1,6.1,2.6,234,6,7,5,No,None,6
P10696,Female,38,Scientist,6.5,5,50,79,9137,121,76,24.0,Normal,8.5,7.0,2.5,261,6,6,4,Yes,Occasional,7
P10697,Male,25,Salesperson,8.5,10,82,65,14479,108,67,21.7,Normal,6.1,1.1,3.0,65,10,9,7,No,Occasional,1
P10698,Female,22,Manager,8.0,9,76,69,12791,111,70,21.8,Normal,6.5,2.1,3.0,111,10,9,7,No,None,2
P10699,Female,39,Sales Representative,6.3,6,52,79,9092,124,76,23.8,Normal,8.4,7.1,2.5,274,6,6,4,No,Occasional,7
P10700,Male,37,Scientist,6.4,6,47,78,9084,121,75,24.4,Normal,8.4,6.9,2.5,268,6,6,4,No,None,7
P10701,Female,40,Sales Representative,6.2,5,50,80,8865,122,74,23.9,Normal,8.4,7.0,2.4,274,6,6,4,No,None,7
P10702,Male,40,Manager,6.1,5,42,83,8959,125,73,23.7,Normal,8.9,7.9,2.4,306,5,5,3,No,None,8
P10703,Male,26,Software Engineer,8.3,10,80,66,15522,105,68,21.2,Normal,6.4,1.1,3.2,74,10,9,7,No,Frequent,1
P10704,Male,30,Sales Representative,6.7,6,56,76,9894,117,74,23.2,Normal,8.3,5.9,2.4,227,7,6,5,No,Occasional,6
P10705,Female,35,Manager,7.0,7,60,74,10650,117,73,23.0,Normal,7.8,5.0,2.7,207,7,7,5,No,None,5
P10706,Female,34,Nurse,6.7,6,57,77,10790,118,72,23.1,Normal,7.9,5.9,2.6,230,6,7,5,No,Occasional,6
P10707,Male,27,Salesperson,8.5,10,82,67,14551,108,68,21.5,Normal,6.2,1.0,3.0,67,10,10,7,No,Occasional,1
P10708,Male,30,Nurse,7.4,8,63,72,11747,113,72,21.9,Normal,7.2,4.1,2.8,165,8,8,6,Yes,Occasional,4
P10709,Male,28,Lawyer,8.1,9,82,68,14355,106,69,22.0,Normal,6.5,2.0,2.9,98,9,9,7,No,None,2
P10710,Male,35,Manager,7.7,9,76,70,13415,113,72,22.1,Normal,6.9,2.9,2.9,139,9,9,7,No,Occasional,3
P10711,Female,36,Doctor,7.1,7,63,75,10213,117,70,22.4,Normal,7.9,5.0,2.5,196,7,7,5,Yes,Frequent,5
P10712,Male,40,Manager,6.0,5,46,82,8088,122,76,24.3,Normal,8.9,8.1,2.5,285,5,5,4,No,Occasional,8
P10713,Male,28,Scientist,7.1,7,57,75,11249,115,72,23.1,Normal,7.8,5.1,2.7,181,7,7,6,No,Occasional,5
P10714,Female,26,Salesperson,8.5,10,82,65,14216,106,68,20.9,Normal,6.2,1.0,3.1,57,10,9,8,No,None,1
P10715,Male,34,Nurse,8.0,9,77,69,13369,112,70,21.5,Normal,6.3,2.0,2.8,113,9,9,6,No,None,2
P10716,Male,29,Lawyer,6.3,5,54,78,9685,123,75,23.9,Normal,8.6,7.1,2.4,259,6,6,4,No,Frequent,7
P10717,Male,32,Teacher,7.8,9,72,70,12782,114,70,21.3,Normal,7.1,2.9,2.9,131,9,8,6,No,None,3
P10718,Male,38,Teacher,6.2,6,45,79,10100,121,75,24.0,Normal,8.5,7.0,2.6,274,6,6,4,No,Occasional,7
P10719,Female,32,Manager,8.0,8,76,70,13006,111,67,22.0,Normal,6.9,2.9,2.8,138,9,8,7,No,Occasional,3
P10720,Male,27,Salesperson,8.0,9,78,68,13278,107,68,21.7,Normal,6.5,2.1,2.8,113,9,9,7,No,Frequent,2
P10721,Male,38,Salesperson,6.0,5,52,80,8219,122,74,23.7,Normal,8.9,8.1,2.5,288,6,5,4,No,None,8
P10722,Female,34,Nurse,7.3,7,62,75,10631,117,71,22.3,Normal,7.5,5.0,2.5,203,7,7,5,No,Occasional,5
P10723,Female,32,Salesperson,7.2,8,68,72,12107,115,71,23.0,Normal,7.2,4.0,2.7,176,8,8,6,No,Frequent,4
P10724,Male,28,Software Engineer,7.4,8,71,73,11843,115,72,22.1,Normal,7.1,4.0,2.7,166,8,8,6,No,None,4
P10725,Female,37,Lawyer,6.2,5,46,82,8826,122,76,23.7,Normal,8.7,8.0,2.4,289,5,5,4,No,Occasional,8
P10726,Male,33,Manager,7.5,8,65,75,12151,114,72,22.5,Normal,7.5,4.1,2.7,161,8,8,6,No,None,4
P10727,Female,34,Nurse,7.2,7,63,74,11081,117,72,22.5,Normal,7.8,5.0,2.6,189,7,7,5,No,None,5
P10728,Female,39,Doctor,5.6,4,38,85,7055,126,75,24.4,Normal,9.2,9.1,2.3,317,4,5,3,No,Occasional,9
P10729,Female,30,Engineer,7.0,7,55,75,11312,115,73,22.6,Normal,8.0,5.0,2.4,191,7,7,5,Yes,Frequent,5
P10730,Male,31,Lawyer,7.7,9,75,70,12630,113,72,22.1,Normal,6.8,3.0,2.8,138,9,8,6,No,Occasional,3
P10731,Male,41,Software Engineer,5.8,4,43,82,6901,128,79,24.2,Normal,9.3,9.0,2.2,320,5,5,4,No,Occasional,9
P10732,Female,41,Doctor,5.4,3,35,86,6878,127,78,24.2,Normal,9.9,10.0,2.1,363,4,4,3,Yes,None,10
P10733,Female,27,Software Engineer,8.2,10,84,66,14232,106,66,21.6,Normal,6.0,1.0,3.1,73,10,9,7,No,None,1
P10734,Male,30,Scientist,7.5,8,65,73,11222,115,72,21.9,Normal,7.3,4.0,2.8,165,8,7,5,Yes,Occasional,4
P10735,Male,38,Salesperson,5.8,4,41,84,7253,126,75,25.2,Overweight,9.3,8.8,2.3,321,5,5,4,No,None,9
P10736,Male,44,Sales Representative,5.8,4,48,83,6722,127,79,24.8,Normal,9.3,9.1,2.3,319,5,5,4,Yes,Occasional,9
P10737,Female,44,Software Engineer,5.5,3,34,88,5916,128,77,24.3,Normal,9.7,10.0,2.1,358,4,4,3,No,Occasional,10
P10738,Male,31,Doctor,8.0,9,73,71,12910,114,70,22.6,Normal,7.0,3.1,2.9,133,8,8,6,No,None,3
P10739,Male,38,Software Engineer,6.4,6,50,79,9317,123,76,23.6,Normal,8.6,7.0,2.5,257,6,6,4,No,Occasional,7
P10740,Male,25,Sales Representative,8.1,9,75,66,13241,110,67,21.6,Normal,6.6,1.9,2.9,110,9,9,7,No,Frequent,2
P10741,Female,42,Salesperson,5.8,4,40,84,8213,128,76,24.7,Normal,9.1,9.0,2.1,338,4,5,4,No,Occasional,9
P10742,Female,31,Engineer,7.7,9,72,68,13291,111,70,22.1,Normal,6.8,3.0,2.8,140,9,9,6,Yes,None,3
P10743,Male,26,Lawyer,7.9,9,72,72,12301,113,71,22.5,Normal,7.0,3.1,2.9,121,8,8,6,No,Frequent,3
P10744,Male,43,Salesperson,5.5,3,35,86,5892,127,78,24.7,Normal,9.5,10.0,2.2,357,4,4,3,No,None,10
P10745,Male,43,Nurse,5.9,5,45,82,8556,126,74,23.8,Normal,8.8,8.1,2.4,298,5,5,4,No,None,8
P10746,Male,25,Engineer,7.7,9,71,69,12721,113,70,21.8,Normal,7.0,3.0,2.6,144,9,8,6,No,Occasional,3
P10747,Male,34,Scientist,6.5,6,49,80,8584,121,76,23.3,Normal,8.5,7.0,2.6,258,6,5,4,No,Frequent,7
P10748,Female,42,Nurse,5.6,4,45,84,7164,126,77,25.0,Overweight,9.2,9.0,2.3,331,5,5,3,No,None,9
P10749,Female,38,Doctor,6.2,5,47,81,8469,122,77,23.4,Normal,8.8,8.0,2.4,286,5,5,4,No,Occasional,8
P10750,Male,27,Nurse,8.1,9,74,67,13920,110,69,20.9,Normal,6.7,2.0,3.0,111,9,9,7,No,Occasional,2
P10751,Male,40,Doctor,6.1,5,45,81,8616,124,76,24.0,Normal,8.9,7.8,2.4,303,5,5,3,Yes,Occasional,8
P10752,Female,26,Doctor,8.5,10,87,66,14963,108,66,21.0,Normal,6.0,1.0,3.0,66,9,9,7,No,None,1
P10753,Female,43,Software Engineer,5.7,4,36,85,7123,123,78,24.3,Normal,9.7,8.9,2.3,324,5,5,3,No,None,9
P10754,Female,47,Nurse,5.7,3,37,87,6179,127,77,25.0,Overweight,9.5,10.0,2.2,370,4,4,3,No,Occasional,10
P10755,Male,40,Sales Representative,6.2,5,44,80,7960,125,78,24.3,Normal,9.2,7.9,2.3,298,6,6,4,No,None,8
P10756,Male,41,Doctor,5.8,4,38,81,6335,124,76,24.3,Normal,9.3,9.1,2.3,329,5,5,3,No,Occasional,9
P10757,Female,26,Doctor,8.5,10,84,66,14235,109,70,21.2,Normal,6.3,1.1,3.0,77,10,9,7,No,None,1
P10758,Male,20,Nurse,7.8,9,75,72,12364,109,72,21.8,Normal,7.1,3.1,2.9,146,8,8,6,No,None,3
P10759,Female,25,Scientist,8.0,9,76,69,13661,112,67,21.1,Normal,6.4,2.0,2.9,112,9,9,7,No,None,2
P10760,Female,31,Salesperson,7.4,8,62,73,11344,115,71,22.3,Normal,7.4,3.8,2.9,169,8,8,6,No,Occasional,4
P10761,Male,28,Engineer,8.2,10,79,64,14308,109,67,22.2,Normal,6.1,1.0,3.2,83,9,9,7,No,Occasional,1
P10762,Male,39,Lawyer,5.4,4,32,85,6853,125,79,24.5,Normal,9.5,10.0,2.2,358,4,4,3,Yes,Occasional,10
P10763,Male,28,Lawyer,8.6,10,89,67,14733,106,67,21.8,Normal,6.2,1.1,3.0,78,10,10,7,No,None,1
P10764,Female,33,Lawyer,7.6,8,70,74,12001,113,71,22.4,Normal,7.2,4.1,2.9,164,8,8,6,Yes,None,4
P10765,Female,34,Scientist,8.4,10,82,65,14738,111,69,21.1,Normal,6.3,1.0,3.0,85,10,9,8,No,None,1
P10766,Female,37,Lawyer,7.1,7,64,77,11338,119,74,23.3,Normal,7.8,4.9,2.7,199,8,8,5,No,Occasional,5
P10767,Male,40,Salesperson,5.8,4,42,85,7431,125,79,23.6,Normal,9.2,9.0,2.4,326,5,5,4,Yes,Occasional,9
P10768,Male,43,Nurse,5.6,4,33,82,7557,128,80,24.5,Normal,9.4,9.0,2.4,321,4,5,3,No,Occasional,9
P10769,Male,34,Engineer,7.2,7,64,75,11281,120,72,22.3,Normal,7.6,4.8,2.5,202,7,7,6,No,None,5
P10770,Male,43,Engineer,5.7,4,44,85,7585,126,77,24.0,Normal,9.0,9.1,2.3,318,5,5,3,No,Occasional,9
P10771,Male,44,Lawyer,5.6,3,34,85,6614,129,79,25.0,Overweight,10.1,10.0,2.3,351,4,4,3,No,Occasional,10
P10772,Male,29,Software Engineer,7.9,9,71,69,12824,111,67,22.3,Normal,6.8,3.0,2.7,135,9,8,6,Yes,None,3
P10773,Male,25,Engineer,8.6,10,81,67,14316,107,70,21.6,Normal,6.1,1.2,3.1,80,10,9,7,No,None,1
P10774,Male,37,Scientist,6.0,5,44,82,8349,125,77,25.1,Overweight,8.7,8.0,2.2,293,5,5,3,Yes,None,8
P10775,Male,42,Manager,5.5,3,39,85,6772,130,79,24.1,Normal,9.9,9.9,2.2,351,4,5,2,Yes,Frequent,10
P10776,Male,36,Scientist,7.6,8,70,75,12354,112,71,22.8,Normal,7.4,4.0,2.8,168,8,8,6,No,Frequent,4
P10777,Female,33,Doctor,8.1,10,75,68,13545,111,69,21.9,Normal,6.6,1.9,2.9,101,9,9,7,No,Frequent,2
P10778,Male,45,Software Engineer,5.6,4,46,81,6808,129,79,24.2,Normal,9.0,9.0,2.2,326,5,5,3,No,Frequent,9
P10779,Male,29,Scientist,7.1,7,66,75,11618,117,72,22.5,Normal,7.8,5.1,2.5,181,8,7,5,No,Occasional,5
P10780,Male,45,Salesperson,5.8,4,40,82,8667,129,78,24.3,Normal,9.2,8.8,2.3,336,4,5,3,No,Frequent,9
P10781,Male,41,Sales Representative,6.8,6,60,77,10311,119,73,23.6,Normal,8.1,6.0,2.7,235,7,6,6,No,Occasional,6
P10782,Male,39,Salesperson,5.8,4,42,84,7660,128,76,24.4,Normal,8.9,9.1,2.5,323,5,5,3,No,Frequent,9
P10783,Male,40,Salesperson,5.9,4,39,83,7412,125,77,25.2,Overweight,9.2,9.0,2.3,324,5,5,3,Yes,Frequent,9
P10784,Male,43,Manager,7.0,7,58,76,11074,119,73,22.6,Normal,7.8,4.9,2.6,192,7,7,5,No,None,5
P10785,Male,22,Nurse,8.4,10,84,64,14012,106,68,21.5,Normal,6.1,1.0,3.0,76,10,9,8,No,Occasional,1
P10786,Female,41,Doctor,5.8,4,39,83,7316,127,76,23.7,Normal,9.0,9.0,2.3,323,4,5,3,No,Occasional,9
P10787,Male,39,Nurse,5.8,5,46,79,8527,123,78,24.6,Normal,9.1,7.9,2.4,308,5,6,4,No,None,8
P10788,Female,40,Salesperson,5.3,3,39,85,5953,126,78,25.3,Overweight,9.7,10.0,2.3,355,4,4,3,Yes,Occasional,10
P10789,Male,25,Engineer,8.0,9,74,67,13446,111,68,21.9,Normal,6.7,1.9,2.9,108,9,9,7,No,Occasional,2
P10790,Female,36,Engineer,6.9,6,50,78,10668,120,74,23.3,Normal,7.9,6.0,2.5,232,7,7,5,No,Occasional,6
P10791,Male,39,Software Engineer,6.7,6,49,77,10221,118,73,23.5,Normal,8.1,6.0,2.5,233,7,6,5,No,None,6
P10792,Female,30,Nurse,8.6,10,85,68,14077,105,71,22.0,Normal,6.2,1.0,2.9,91,10,9,7,Yes,None,1
P10793,Male,37,Doctor,6.4,6,50,79,9401,121,75,24.3,Normal,8.5,7.1,2.6,249,6,6,4,No,Occasional,7
P10794,Female,43,Nurse,5.7,4,35,83,7004,125,79,23.7,Normal,9.4,9.1,2.4,324,4,5,3,No,Occasional,9
P10795,Female,32,Salesperson,8.1,9,74,66,13195,111,69,22.0,Normal,6.6,2.0,2.8,97,9,8,7,No,None,2
P10796,Female,33,Engineer,6.5,5,52,80,9137,121,77,23.2,Normal,8.4,7.0,2.5,252,5,6,4,No,None,7
P10797,Female,31,Engineer,7.4,8,70,72,11954,112,70,22.8,Normal,7.4,3.9,2.8,169,8,7,6,No,Occasional,4
P10798,Male,33,Scientist,7.4,8,62,72,11775,116,72,22.1,Normal,7.5,3.9,2.7,175,8,7,6,No,None,4
P10799,Female,35,Software Engineer,5.6,4,38,86,7545,125,77,24.0,Normal,9.2,9.0,2.2,303,5,5,3,No,Occasional,9
P10800,Female,31,Teacher,8.3,9,78,70,13121,109,68,22.5,Normal,6.7,2.0,3.0,99,9,9,7,No,Occasional,2
P10801,Male,31,Engineer,6.6,7,61,78,10871,117,73,23.6,Normal,7.8,5.8,2.5,227,6,6,5,No,Occasional,6
P10802,Female,30,Scientist,8.1,9,78,68,14152,112,70,21.8,Normal,6.3,1.9,2.8,104,9,9,7,No,Frequent,2
P10803,Male,48,Manager,5.2,3,39,86,7374,126,76,25.2,Overweight,9.5,9.9,2.3,367,4,4,2,No,None,10
P10804,Female,38,Nurse,7.5,8,70,74,11817,117,71,22.3,Normal,7.2,4.0,2.7,177,8,8,6,No,Occasional,4
P10805,Male,44,Salesperson,5.2,3,37,84,7210,130,77,24.7,Normal,9.5,9.9,2.3,365,4,4,3,No,Frequent,10
P10806,Female,24,Doctor,8.5,10,78,66,14580,107,67,21.2,Normal,6.1,1.1,3.1,72,10,10,7,Yes,Occasional,1
P10807,Male,26,Software Engineer,8.7,10,83,67,14519,108,67,21.0,Normal,6.0,1.1,3.1,78,10,9,8,No,Occasional,1
P10808,Male,40,Scientist,5.7,4,41,85,6909,122,77,23.9,Normal,9.2,9.0,2.4,333,4,5,3,Yes,Frequent,9
P10809,Male,39,Engineer,5.4,3,34,85,6826,130,77,25.0,Overweight,9.7,10.0,2.2,348,4,4,3,No,None,10
P10810,Female,30,Engineer,8.2,10,78,68,13814,108,69,22.2,Normal,6.5,1.9,3.0,109,9,9,7,No,Occasional,2
P10811,Male,43,Software Engineer,5.5,4,43,82,8026,125,78,24.9,Normal,9.5,9.0,2.5,324,5,4,3,No,None,9
P10812,Male,34,Sales Representative,6.6,6,60,78,9227,121,71,23.8,Normal,8.1,5.8,2.7,215,6,6,5,No,None,6
P10813,Female,41,Engineer,6.8,6,56,76,10096,122,75,22.8,Normal,8.4,6.1,2.6,233,6,7,5,No,None,6
P10814,Female,32,Software Engineer,6.0,5,45,81,7638,122,76,23.3,Normal,8.8,7.9,2.3,306,5,5,4,No,Frequent,8
P10815,Female,40,Lawyer,6.1,6,50,81,8701,124,76,24.5,Normal,8.8,7.8,2.5,302,5,5,3,No,Frequent,8
P10816,Male,43,Nurse,5.6,4,38,85,6722,127,77,23.5,Normal,9.2,9.1,2.3,317,5,5,4,No,Occasional,9
P10817,Female,31,Software Engineer,7.5,8,70,73,12254,116,72,23.2,Normal,7.3,4.0,2.6,177,8,7,6,Yes,Frequent,4
P10818,Female,40,Sales Representative,5.3,3,33,86,5713,129,79,23.9,Normal,9.8,10.0,2.2,359,4,4,3,No,None,10
P10819,Female,32,Nurse,6.4,6,57,80,9003,121,72,23.7,Normal,8.4,7.0,2.4,267,5,6,4,No,Occasional,7
P10820,Male,32,Nurse,6.7,6,53,78,10382,119,74,22.6,Normal,8.3,5.9,2.5,226,7,6,5,No,None,6
P10821,Male,24,Manager,8.3,10,82,67,14947,107,67,21.0,Normal,5.8,1.0,3.0,74,10,9,7,Yes,None,1
P10822,Female,28,Lawyer,7.0,7,60,76,10930,118,72,22.9,Normal,7.7,5.0,2.5,192,7,7,5,No,Occasional,5
P10823,Female,33,Nurse,6.4,6,49,79,8765,121,75,23.4,Normal,8.5,7.0,2.4,260,6,6,4,No,Occasional,7
P10824,Female,25,Sales Representative,8.1,9,76,68,14191,109,73,21.9,Normal,6.7,2.0,2.7,107,9,8,7,No,None,2
P10825,Male,36,Lawyer,6.8,6,55,76,9840,122,73,23.4,Normal,8.4,6.0,2.7,230,7,7,5,No,None,6
P10826,Male,35,Software Engineer,7.1,7,62,75,11069,117,72,22.9,Normal,7.9,5.1,2.6,195,7,7,5,No,Occasional,5
P10827,Female,42,Teacher,6.0,5,39,82,8276,128,76,24.3,Normal,8.8,8.1,2.3,305,5,5,4,No,Occasional,8
P10828,Female,33,Salesperson,6.9,7,59,74,11011,117,72,23.6,Normal,7.8,5.0,2.7,194,7,7,5,No,Occasional,5
P10829,Male,41,Software Engineer,6.2,5,44,83,8905,126,75,23.5,Normal,8.9,7.9,2.4,295,5,6,4,Yes,None,8
P10830,Male,26,Nurse,8.5,10,81,66,14162,109,68,21.3,Normal,6.3,1.0,3.0,82,10,9,8,No,None,1
P10831,Female,40,Nurse,5.6,5,44,83,7688,126,77,24.3,Normal,9.3,8.8,2.3,330,5,5,3,Yes,Frequent,9
P10832,Female,20,Nurse,8.1,9,76,68,14251,106,70,21.6,Normal,6.4,1.9,2.9,115,9,8,7,No,Occasional,2
P10833,Male,32,Teacher,7.4,8,69,72,12346,113,71,21.8,Normal,7.2,4.1,2.7,164,8,8,6,No,None,4
P10834,Female,34,Engineer,6.7,6,55,76,10788,117,73,22.6,Normal,7.9,6.0,2.6,225,6,6,5,No,Occasional,6
P10835,Female,40,Engineer,5.7,4,37,83,7011,126,77,23.9,Normal,9.2,9.0,2.2,326,5,5,3,Yes,Occasional,9
P10836,Male,42,Software Engineer,6.0,5,51,83,8667,123,76,24.0,Normal,9.0,8.1,2.3,283,5,5,4,Yes,Occasional,8
P10837,Female,37,Sales Representative,6.4,6,55,81,8844,121,75,23.2,Normal,8.6,6.9,2.5,269,6,6,4,Yes,None,7
P10838,Male,24,Manager,8.5,10,83,67,15094,111,66,21.0,Normal,6.1,1.1,3.1,80,10,9,7,No,Occasional,1
P10839,Female,42,Scientist,5.9,4,37,83,7804,126,76,24.0,Normal,9.3,8.9,2.2,333,5,5,4,Yes,None,9
P10840,Male,35,Software Engineer,6.3,6,53,80,9574,122,74,23.5,Normal,8.4,6.9,2.5,254,6,6,4,No,Occasional,7
P10841,Male,42,Lawyer,6.3,5,58,81,8459,124,75,23.8,Normal,8.8,7.0,2.4,264,6,6,5,Yes,None,7
P10842,Female,27,Software Engineer,8.3,9,80,69,13139,109,67,21.6,Normal,6.4,1.9,2.9,103,9,8,7,Yes,None,2
P10843,Female,41,Software Engineer,5.8,4,44,83,7275,126,76,24.8,Normal,9.3,9.0,2.3,328,5,4,3,Yes,Frequent,9
P10844,Female,28,Scientist,7.4,8,65,71,11232,114,73,22.2,Normal,7.4,3.9,2.7,175,8,8,6,Yes,None,4
P10845,Male,31,Doctor,7.5,8,64,74,12204,112,74,22.0,Normal,7.4,4.0,2.6,170,8,8,6,No,Frequent,4
P10846,Male,38,Sales Representative,6.1,5,46,82,8297,123,76,24.2,Normal,8.7,8.0,2.4,297,5,5,4,No,Frequent,8
P10847,Male,33,Manager,7.6,8,63,72,11721,112,72,22.6,Normal,7.4,3.9,2.8,158,8,7,6,No,None,4
P10848,Female,43,Salesperson,6.3,6,54,77,9572,122,74,24.0,Normal,8.5,6.9,2.4,261,6,6,4,Yes,Occasional,7
P10849,Female,33,Scientist,8.5,10,81,68,14342,108,67,21.8,Normal,6.3,1.0,3.0,73,10,9,7,No,None,1
P10850,Male,36,Doctor,7.0,7,61,77,10262,116,74,22.7,Normal,7.7,5.1,2.6,208,7,7,5,No,None,5
P10851,Female,40,Salesperson,6.2,5,43,81,7922,126,73,23.3,Normal,8.7,8.0,2.4,286,5,5,4,No,Occasional,8
P10852,Female,28,Engineer,7.8,9,73,72,12276,115,69,22.0,Normal,6.8,2.9,2.9,131,8,8,6,No,None,3
P10853,Female,40,Manager,5.7,4,43,84,7511,126,77,24.4,Normal,9.3,8.9,2.4,320,4,5,3,No,Occasional,9
P10854,Female,29,Scientist,8.6,10,84,66,15186,111,70,21.1,Normal,6.1,1.1,3.0,92,10,10,8,No,Occasional,1
P10855,Male,33,Lawyer,7.8,8,73,71,12591,112,70,21.7,Normal,7.2,3.1,2.8,133,8,8,7,No,None,3
P10856,Male,35,Teacher,6.5,5,49,81,9063,123,75,22.9,Normal,8.2,7.0,2.5,266,6,6,4,No,Occasional,7
P10857,Male,22,Software Engineer,8.5,10,79,65,14675,107,67,21.6,Normal,6.2,1.0,3.1,67,10,9,7,No,None,1
P10858,Female,31,Engineer,7.1,7,62,73,10874,117,70,23.5,Normal,7.9,5.0,2.6,199,7,7,5,No,Occasional,5
P10859,Male,37,Software Engineer,6.8,6,57,77,10915,118,72,23.3,Normal,7.9,5.9,2.5,239,7,6,5,No,None,6
P10860,Female,44,Doctor,6.2,5,42,79,8282,125,76,24.0,Normal,9.0,8.1,2.3,288,5,5,4,No,Frequent,8
P10861,Male,38,Software Engineer,6.3,5,52,79,9211,120,74,23.4,Normal,8.4,7.1,2.4,259,6,6,5,No,Occasional,7
P10862,Male,38,Sales Representative,7.2,7,59,73,11028,117,74,23.4,Normal,7.7,4.9,2.7,215,7,7,5,No,None,5
P10863,Male,31,Nurse,8.3,10,80,66,14864,110,67,21.6,Normal,6.4,1.1,3.2,80,10,9,7,No,Occasional,1
P10864,Female,42,Lawyer,5.5,4,41,85,7060,125,77,24.4,Normal,9.2,9.0,2.3,339,5,5,3,No,Frequent,9
P10865,Male,40,Scientist,6.4,6,53,82,9625,123,76,23.4,Normal,8.5,7.0,2.3,272,6,6,4,No,Occasional,7
P10866,Male,41,Doctor,5.6,3,36,86,6835,128,77,24.6,Normal,9.7,10.0,2.2,360,4,4,3,No,Occasional,10
P10867,Male,40,Nurse,6.6,6,50,80,9916,121,75,23.0,Normal,8.5,7.0,2.5,264,6,6,5,Yes,Occasional,7
P10868,Female,32,Nurse,8.4,10,81,68,14667,111,66,21.5,Normal,6.3,1.0,2.8,79,10,9,7,No,Occasional,1
P10869,Male,33,Doctor,6.9,6,57,77,9760,118,73,22.8,Normal,8.1,5.9,2.5,230,7,6,4,No,None,6
P10870,Male,31,Engineer,7.4,8,67,72,11483,115,70,22.0,Normal,7.2,4.0,2.8,168,8,7,6,No,None,4
P10871,Female,40,Teacher,5.7,4,39,82,7291,127,75,24.1,Normal,9.0,8.9,2.3,332,5,5,3,Yes,Frequent,9
P10872,Male,24,Salesperson,8.6,10,83,65,14980,107,68,21.7,Normal,6.2,1.1,3.2,79,10,9,7,No,None,1
P10873,Female,43,Software Engineer,5.4,3,28,85,6882,127,79,25.0,Overweight,9.5,9.9,2.1,352,4,5,2,No,Occasional,10
P10874,Female,28,Nurse,8.0,9,68,72,12794,114,70,22.8,Normal,7.0,3.1,2.7,139,8,8,6,No,Occasional,3
P10875,Female,27,Teacher,8.2,9,77,68,13889,109,69,21.3,Normal,6.4,2.0,3.0,98,9,9,7,No,Occasional,2
P10876,Male,32,Salesperson,7.3,8,66,73,12616,116,70,21.9,Normal,7.3,3.9,2.7,163,8,7,6,No,None,4
P10877,Female,25,Nurse,8.4,10,82,66,15441,107,67,21.7,Normal,6.1,1.0,2.8,71,9,9,7,No,Occasional,1
P10878,Female,26,Lawyer,8.4,10,79,66,14724,107,66,21.1,Normal,6.3,1.0,3.1,77,10,10,7,No,Occasional,1
P10879,Male,35,Software Engineer,6.4,6,52,80,8994,120,75,23.3,Normal,8.5,7.0,2.5,244,6,6,4,No,None,7
P10880,Male,34,Nurse,6.7,7,55,79,10624,116,76,22.6,Normal,7.9,6.0,2.6,240,7,6,5,No,Occasional,6
P10881,Male,39,Scientist,6.8,6,55,77,10434,118,74,23.5,Normal,8.0,6.1,2.6,234,7,6,4,Yes,Frequent,6
P10882,Female,29,Nurse,7.1,7,63,75,10315,115,74,22.9,Normal,7.8,5.1,2.5,203,7,7,6,No,None,5
P10883,Male,44,Teacher,5.7,4,40,84,8307,127,77,24.7,Normal,9.3,8.9,2.3,317,5,5,3,Yes,None,9
P10884,Female,39,Engineer,6.1,5,49,80,8687,124,74,24.2,Normal,8.7,8.1,2.4,302,5,5,4,No,Occasional,8
P10885,Male,31,Nurse,7.5,8,68,74,11686,115,72,22.6,Normal,7.4,4.0,2.9,164,8,7,6,No,Occasional,4
P10886,Female,33,Sales Representative,7.4,8,64,75,12601,114,71,22.5,Normal,7.3,4.0,2.8,177,8,8,6,No,Occasional,4
P10887,Female,43,Salesperson,5.7,4,37,83,6897,128,77,25.1,Overweight,9.2,9.2,2.4,322,5,5,3,No,Frequent,9
P10888,Female,29,Nurse,7.5,8,69,73,11461,114,72,21.9,Normal,7.3,4.1,2.8,166,8,8,6,No,Occasional,4
P10889,Male,46,Manager,5.5,3,32,84,6659,129,76,24.5,Normal,9.6,10.0,2.2,352,4,4,3,Yes,Frequent,10
P10890,Male,27,Doctor,8.4,10,84,67,14996,105,69,20.9,Normal,6.2,1.0,2.9,75,10,9,7,No,Frequent,1
P10891,Male,30,Engineer,8.4,10,88,66,14656,105,66,21.1,Normal,6.2,1.0,3.0,71,10,9,7,No,Occasional,1
P10892,Male,43,Nurse,5.9,4,38,83,7787,127,76,24.6,Normal,9.3,9.0,2.1,327,5,5,4,No,None,9
P10893,Male,33,Software Engineer,7.7,8,73,72,13173,113,68,22.0,Normal,7.0,2.9,2.8,146,8,8,6,No,None,3
P10894,Male,29,Salesperson,7.2,7,59,76,11005,115,73,22.9,Normal,7.9,5.1,2.6,196,7,7,5,No,Occasional,5
P10895,Female,36,Scientist,7.5,8,66,72,11559,114,70,21.9,Normal,7.8,4.1,2.9,170,8,8,6,No,Occasional,4
P10896,Female,27,Salesperson,8.1,9,79,68,13843,111,68,21.3,Normal,6.8,1.9,3.0,99,10,9,7,No,Occasional,2
P10897,Female,38,Teacher,6.0,5,42,81,7577,126,74,23.6,Normal,8.8,7.9,2.4,301,5,5,4,No,Frequent,8
P10898,Female,31,Engineer,7.1,7,62,76,10751,117,72,22.8,Normal,7.6,4.8,2.7,198,7,7,5,No,Frequent,5
P10899,Female,43,Sales Representative,5.8,4,43,83,7459,127,77,23.9,Normal,9.3,8.9,2.2,319,4,4,3,No,None,9
P10900,Female,39,Teacher,5.4,4,33,86,6338,130,77,24.7,Normal,9.5,9.9,2.2,354,4,4,2,Yes,None,10
P10901,Female,37,Manager,6.7,6,59,78,9921,119,74,23.1,Normal,8.4,6.0,2.5,212,7,6,5,No,Occasional,6
P10902,Female,29,Doctor,8.3,9,76,67,13403,109,66,21.7,Normal,6.6,2.2,3.0,109,9,9,7,No,None,2
P10903,Female,41,Sales Representative,5.9,5,43,85,8400,125,77,24.0,Normal,8.7,7.9,2.3,296,6,6,4,No,Frequent,8
P10904,Female,36,Salesperson,5.7,4,43,85,7766,126,77,24.1,Normal,9.4,8.9,2.3,310,5,5,4,No,Occasional,9
P10905,Male,29,Sales Representative,7.7,9,70,70,12672,113,72,22.6,Normal,7.0,3.1,2.8,136,8,8,6,No,Occasional,3
P10906,Female,31,Software Engineer,8.2,9,83,70,14167,114,71,22.4,Normal,6.7,2.0,2.9,122,9,9,7,No,Occasional,2
P10907,Female,38,Salesperson,5.4,3,37,86,6486,131,78,24.5,Normal,9.6,10.0,2.3,358,4,4,3,No,Occasional,10
P10908,Female,48,Software Engineer,5.7,4,42,84,7536,127,77,24.4,Normal,9.0,9.0,2.3,324,5,5,3,No,Occasional,9
P10909,Male,40,Salesperson,6.4,6,46,76,8518,123,77,23.5,Normal,8.8,7.0,2.4,259,6,6,5,No,None,7
P10910,Female,41,Software Engineer,5.6,4,46,81,6921,126,78,23.9,Normal,9.3,8.9,2.1,327,5,5,3,No,Occasional,9
P10911,Female,34,Salesperson,6.8,6,51,79,8949,122,75,24.1,Normal,8.3,7.0,2.4,260,6,6,4,No,Occasional,7
P10912,Female,32,Scientist,7.7,9,73,70,12533,111,69,22.4,Normal,6.7,2.8,2.9,130,8,8,6,No,Occasional,3
P10913,Female,34,Nurse,7.7,9,73,72,12652,112,70,22.3,Normal,6.9,2.9,2.9,140,9,8,6,No,Occasional,3
P10914,Female,32,Manager,7.0,7,63,73,10748,115,71,22.8,Normal,7.7,5.0,2.7,195,7,7,6,No,None,5
P10915,Female,32,Sales Representative,8.1,10,73,67,13259,109,70,22.1,Normal,6.5,2.1,2.8,109,9,8,7,No,None,2
P10916,Female,42,Sales Representative,6.1,4,45,83,7746,121,76,24.2,Normal,8.9,8.0,2.5,304,5,5,4,No,Occasional,8
P10917,Female,34,Scientist,6.8,6,59,76,10586,121,75,23.3,Normal,7.9,6.1,2.5,226,7,6,5,No,None,6
P10918,Male,31,Engineer,7.3,8,69,71,11962,115,71,21.9,Normal,7.2,4.0,2.7,187,8,8,6,No,None,4
P10919,Female,31,Doctor,6.6,6,55,77,10113,120,73,22.4,Normal,8.1,5.9,2.6,231,6,6,5,No,Occasional,6
P10920,Female,38,Lawyer,5.8,4,42,83,7210,128,78,23.7,Normal,9.5,9.0,2.3,325,5,4,3,No,None,9
P10921,Male,30,Sales Representative,7.9,9,73,71,12451,114,69,22.0,Normal,7.3,3.2,2.8,132,9,8,6,No,Occasional,3
P10922,Female,33,Lawyer,6.0,5,49,82,8398,124,76,24.6,Normal,8.8,8.0,2.3,292,5,5,4,No,Occasional,8
P10923,Female,29,Manager,8.1,10,76,68,13540,110,69,21.6,Normal,6.5,1.9,3.0,119,9,8,6,No,Occasional,2
P10924,Female,35,Lawyer,8.1,9,75,69,13447,112,69,21.4,Normal,6.7,2.1,2.8,111,9,9,7,No,None,2
P10925,Female,40,Lawyer,6.5,5,51,78,10083,126,74,24.1,Normal,8.3,7.1,2.5,261,6,6,4,No,Occasional,7
P10926,Male,39,Nurse,5.8,4,39,84,7786,125,80,24.6,Normal,9.2,8.9,2.3,335,4,4,3,No,Frequent,9
P10927,Male,42,Lawyer,6.0,5,45,84,8349,125,76,23.8,Normal,8.8,8.0,2.4,288,5,5,4,No,Occasional,8
P10928,Male,30,Scientist,8.6,10,81,68,14983,107,66,21.2,Normal,6.5,1.0,2.9,67,10,9,7,No,Occasional,1
P10929,Male,35,Engineer,6.5,6,51,80,9463,122,72,23.1,Normal,8.7,7.0,2.5,260,6,6,4,No,Occasional,7
P10930,Male,36,Manager,8.0,9,75,69,13414,110,71,21.4,Normal,6.6,2.0,3.0,106,9,8,7,No,Occasional,2
P10931,Male,27,Doctor,8.1,9,75,67,13301,105,68,21.4,Normal,6.7,1.9,2.9,101,9,8,7,No,Occasional,2
P10932,Female,37,Software Engineer,6.8,6,59,76,9898,118,73,23.7,Normal,8.3,5.9,2.5,235,7,7,5,No,Occasional,6
P10933,Male,39,Software Engineer,5.3,4,29,87,6200,130,77,25.0,Overweight,9.6,9.9,2.1,357,4,4,3,No,Occasional,10
P10934,Female,40,Manager,5.8,4,45,85,7270,124,77,24.9,Normal,9.3,8.9,2.3,314,4,5,3,No,None,9
P10935,Male,41,Teacher,6.0,5,47,80,8672,125,76,24.4,Normal,8.8,8.1,2.3,291,5,6,3,Yes,None,8
P10936,Female,33,Salesperson,6.7,6,61,76,9649,120,72,22.9,Normal,8.3,6.0,2.4,234,7,7,5,Yes,None,6
P10937,Female,34,Sales Representative,8.6,10,81,65,14482,111,68,21.8,Normal,6.1,1.0,3.0,74,10,9,7,No,None,1
P10938,Female,39,Lawyer,6.4,6,54,82,9335,121,74,24.0,Normal,8.4,7.0,2.4,260,6,6,4,Yes,Occasional,7
P10939,Female,43,Lawyer,5.7,4,40,85,7373,127,79,24.7,Normal,9.3,9.1,2.2,319,5,5,3,Yes,Frequent,9
P10940,Male,37,Scientist,6.0,5,46,82,7789,125,76,24.4,Normal,8.9,8.1,2.4,292,5,6,3,No,None,8
P10941,Female,29,Scientist,8.4,10,82,67,16074,107,69,21.1,Normal,6.0,1.0,3.0,68,10,9,8,No,Occasional,1
P10942,Male,30,Doctor,7.6,9,73,70,13821,114,71,21.4,Normal,7.0,3.0,2.8,137,9,9,6,No,None,3
P10943,Male,32,Doctor,5.6,4,41,83,6847,128,77,24.8,Normal,9.0,9.0,2.3,321,5,5,3,No,Frequent,9
P10944,Male,26,Salesperson,7.9,9,75,72,12686,111,70,22.4,Normal,7.2,3.0,2.9,146,8,8,6,No,Occasional,3
P10945,Male,33,Doctor,7.6,8,68,74,12179,116,72,21.9,Normal,7.5,3.9,2.7,162,8,8,6,No,None,4
P10946,Male,35,Teacher,6.8,6,56,79,10914,120,73,23.1,Normal,8.0,5.9,2.6,238,7,6,5,No,Occasional,6
P10947,Female,37,Salesperson,7.0,7,62,75,10288,119,74,23.2,Normal,7.6,5.1,2.5,210,7,7,6,No,Occasional,5
P10948,Male,32,Sales Representative,7.8,8,70,69,13032,115,70,22.2,Normal,6.7,2.9,2.9,144,8,8,6,No,Frequent,3
P10949,Male,38,Nurse,6.4,6,50,82,9471,123,75,23.7,Normal,8.3,7.1,2.5,258,6,5,4,No,None,7
P10950,Male,31,Sales Representative,6.9,7,58,76,10959,120,72,22.6,Normal,7.6,5.0,2.6,207,7,7,5,Yes,None,5
P10951,Male,36,Software Engineer,6.3,5,50,78,9307,123,76,23.3,Normal,8.1,7.0,2.3,263,6,6,4,No,Occasional,7
P10952,Male,39,Manager,6.3,5,52,77,10140,119,75,23.1,Normal,8.5,6.9,2.6,258,6,6,5,No,Frequent,7
P10953,Male,32,Software Engineer,6.5,6,58,78,10194,120,73,23.2,Normal,8.3,6.1,2.6,228,7,6,5,No,Frequent,6
P10954,Female,31,Sales Representative,8.1,9,77,71,14328,111,69,21.4,Normal,6.6,1.9,2.9,113,9,9,7,No,Occasional,2
P10955,Female,41,Engineer,6.4,5,56,79,8532,122,76,23.8,Normal,8.3,7.0,2.4,256,6,6,4,No,Occasional,7
P10956,Female,39,Scientist,6.7,7,56,79,10333,120,73,23.2,Normal,8.1,6.0,2.6,224,6,6,5,No,Occasional,6
P10957,Female,38,Nurse,5.6,3,32,86,6452,122,77,24.6,Normal,9.7,10.0,2.2,360,4,4,3,No,Occasional,10
P10958,Male,32,Engineer,6.9,7,55,77,10450,120,74,23.3,Normal,8.2,5.8,2.6,241,6,7,4,No,Occasional,6
P10959,Male,43,Doctor,6.1,5,41,81,8317,123,77,24.4,Normal,8.6,8.0,2.5,291,5,6,4,No,Frequent,8
P10960,Male,38,Lawyer,5.9,4,40,82,7184,125,78,24.8,Normal,9.2,9.1,2.3,325,4,5,3,No,Occasional,9
P10961,Female,30,Software Engineer,8.4,10,83,66,14626,108,70,22.0,Normal,6.2,1.1,2.9,65,10,10,7,Yes,Occasional,1
P10962,Female,41,Engineer,5.8,4,32,84,7829,126,77,24.4,Normal,9.3,9.1,2.3,321,5,4,3,No,Occasional,9
P10963,Male,24,Engineer,8.1,10,79,68,14016,108,68,22.0,Normal,6.4,2.0,3.0,100,9,9,7,No,Occasional,2
P10964,Female,35,Doctor,6.8,6,54,76,9818,117,73,23.1,Normal,8.0,6.0,2.6,243,6,7,5,No,Occasional,6
P10965,Female,40,Engineer,5.7,4,47,83,7222,125,77,24.2,Normal,9.3,8.9,2.3,324,4,5,3,Yes,Occasional,9
P10966,Male,38,Engineer,6.2,6,54,78,9408,119,74,23.6,Normal,8.4,7.0,2.3,276,6,6,5,No,Occasional,7
P10967,Male,38,Engineer,6.2,5,51,82,8391,127,76,24.3,Normal,8.9,8.0,2.3,299,5,5,4,No,None,8
P10968,Female,41,Engineer,5.7,4,35,82,7173,129,78,24.6,Normal,9.4,9.0,2.4,324,4,5,4,Yes,Occasional,9
P10969,Male,27,Scientist,8.3,10,87,65,15570,108,67,21.9,Normal,6.1,1.0,3.0,77,10,9,8,No,Occasional,1
P10970,Male,46,Scientist,5.5,3,33,87,6692,129,78,24.7,Normal,9.5,10.0,2.2,362,4,4,3,Yes,Occasional,10
P10971,Male,30,Doctor,8.0,9,73,69,13884,113,70,21.5,Normal,6.6,1.9,2.9,103,9,9,7,No,None,2
P10972,Male,25,Engineer,8.2,10,80,66,14032,108,70,21.0,Normal,5.9,1.0,3.0,62,10,9,7,No,None,1
P10973,Female,39,Teacher,6.1,5,50,82,9000,125,76,23.9,Normal,9.1,8.0,2.4,289,5,6,4,Yes,Frequent,8
P10974,Male,29,Engineer,7.6,9,73,70,13288,111,71,22.6,Normal,7.0,3.0,2.9,136,9,8,7,No,Occasional,3
P10975,Male,41,Lawyer,6.2,5,47,83,7627,121,78,23.6,Normal,8.9,8.2,2.3,304,5,6,4,No,Occasional,8
P10976,Female,36,Software Engineer,5.8,4,44,83,7841,124,77,25.0,Overweight,9.3,9.1,2.2,321,4,5,3,Yes,Occasional,9
P10977,Female,27,Scientist,7.7,9,68,68,12939,112,71,23.0,Normal,7.1,2.9,2.8,128,8,8,7,No,Occasional,3
P10978,Male,25,Doctor,8.5,10,83,64,15323,109,68,22.1,Normal,6.0,1.0,3.1,79,10,9,8,No,Occasional,1
P10979,Male,36,Sales Representative,6.5,6,55,81,8574,121,74,23.6,Normal,8.6,6.9,2.5,257,6,6,4,Yes,Frequent,7
P10980,Male,35,Manager,7.5,7,63,72,11764,114,71,23.2,Normal,7.5,4.1,2.8,176,8,8,6,No,None,4
P10981,Female,34,Engineer,7.1,7,56,76,11409,115,72,23.1,Normal,7.7,5.0,2.6,189,7,7,5,No,Occasional,5
P10982,Male,38,Scientist,5.5,3,36,86,6517,128,78,24.4,Normal,9.9,10.0,2.2,356,4,4,3,No,Occasional,10
P10983,Female,43,Software Engineer,5.6,4,39,86,7177,126,77,25.8,Overweight,9.6,9.1,2.4,313,5,5,3,No,Frequent,9
P10984,Female,29,Software Engineer,7.7,9,67,69,11769,111,70,22.0,Normal,7.2,3.0,2.7,142,9,8,6,No,Occasional,3
P10985,Female,33,Teacher,6.7,7,56,76,9663,120,74,23.0,Normal,8.3,6.0,2.4,246,7,6,5,Yes,Occasional,6
P10986,Male,28,Engineer,8.4,10,83,67,13768,109,67,21.1,Normal,6.1,1.0,3.0,90,10,9,7,No,Occasional,1
P10987,Male,33,Scientist,7.1,7,66,74,10593,116,73,23.6,Normal,7.4,5.1,2.6,201,7,6,5,No,None,5
P10988,Female,39,Sales Representative,6.5,6,48,77,9706,120,73,23.4,Normal,8.6,6.9,2.6,276,6,6,4,No,None,7
P10989,Male,40,Teacher,6.0,5,49,82,7715,123,74,24.8,Normal,9.1,8.1,2.4,301,5,5,4,No,Occasional,8
P10990,Female,32,Doctor,6.9,6,57,75,11667,120,73,22.5,Normal,8.0,6.0,2.6,233,7,6,5,No,None,6
P10991,Female,35,Teacher,6.4,5,53,78,9274,120,75,23.4,Normal,8.8,7.0,2.3,256,6,6,4,No,Occasional,7
P10992,Male,25,Software Engineer,7.9,9,69,71,12893,110,72,22.5,Normal,6.7,3.0,2.8,131,9,8,7,No,Occasional,3
P10993,Female,37,Lawyer,6.8,6,58,77,9552,120,74,22.7,Normal,8.1,6.0,2.5,233,6,6,5,No,Frequent,6
P10994,Female,29,Doctor,8.0,9,78,68,14068,111,67,21.6,Normal,6.7,2.0,2.9,102,9,9,7,No,None,2
P10995,Male,24,Scientist,8.1,9,73,68,13966,108,68,22.3,Normal,6.4,1.9,2.7,102,9,9,7,No,Occasional,2
P10996,Female,40,Lawyer,5.7,4,46,84,7807,130,77,24.4,Normal,9.4,9.0,2.3,322,5,5,3,No,Frequent,9
P10997,Male,27,Software Engineer,8.0,9,76,67,13951,110,70,21.7,Normal,6.8,1.9,2.9,100,9,9,7,No,None,2
P10998,Female,28,Manager,8.6,10,82,67,14856,110,69,20.7,Normal,6.0,1.1,3.1,90,9,9,7,No,None,1
P10999,Male,31,Software Engineer,7.3,8,64,73,11911,113,71,22.8,Normal,7.0,4.0,2.8,171,8,8,5,No,Frequent,4
P11000,Female,42,Lawyer,6.3,4,49,82,8226,123,75,23.5,Normal,8.6,8.1,2.3,291,5,5,4,No,Frequent,8
P11001,Male,41,Sales Representative,5.8,4,42,83,7610,125,78,25.3,Overweight,9.3,9.1,2.3,329,5,5,4,No,Frequent,9
P11002,Female,28,Lawyer,8.2,10,79,67,13336,112,72,21.7,Normal,6.8,2.2,2.9,98,9,9,7,No,None,2
P11003,Female,36,Engineer,7.7,9,74,71,12393,113,71,21.5,Normal,6.8,3.1,2.8,141,9,8,6,No,Frequent,3
P11004,Male,24,Doctor,8.2,10,82,68,13944,109,70,21.9,Normal,6.4,2.0,3.0,105,9,8,7,No,Occasional,2
P11005,Female,37,Scientist,6.4,5,54,81,8683,123,72,22.9,Normal,8.7,7.0,2.5,265,6,6,4,Yes,Occasional,7
P11006,Female,33,Lawyer,7.2,7,65,76,11658,118,72,23.1,Normal,7.6,4.9,2.6,195,7,8,6,No,None,5
P11007,Male,28,Software Engineer,8.2,9,84,68,13465,111,68,21.3,Normal,6.4,1.9,2.9,116,9,9,6,No,None,2
P11008,Male,23,Salesperson,8.5,10,86,68,15186,108,69,21.4,Normal,6.6,1.0,3.0,66,10,9,7,No,None,1
P11009,Male,45,Teacher,5.6,4,32,88,6330,128,79,25.6,Overweight,9.8,10.0,2.3,356,4,4,3,No,Occasional,10
P11010,Male,42,Nurse,6.0,5,42,83,8609,125,78,24.0,Normal,8.9,8.1,2.4,286,5,5,4,No,None,8
P11011,Female,40,Sales Representative,6.1,5,44,80,8972,125,75,24.2,Normal,8.7,8.0,2.3,297,5,5,4,No,None,8
P11012,Female,39,Teacher,5.2,3,35,83,6493,128,76,24.9,Normal,9.7,10.0,2.3,354,4,5,3,No,None,10
P11013,Female,26,Scientist,8.1,9,76,67,13753,109,69,22.2,Normal,6.5,2.1,2.9,108,9,9,7,No,None,2
P11014,Female,30,Salesperson,7.8,9,67,70,13213,112,69,21.6,Normal,7.1,3.0,3.0,136,9,8,6,No,Occasional,3
P11015,Female,26,Scientist,8.5,10,79,66,14053,107,68,21.3,Normal,6.0,1.0,3.0,80,10,10,8,No,Occasional,1
P11016,Male,38,Salesperson,6.0,5,45,79,6915,122,77,24.0,Normal,8.9,7.9,2.5,294,5,5,4,No,Occasional,8
P11017,Male,36,Engineer,6.0,5,43,82,8676,122,77,24.2,Normal,8.7,7.9,2.3,293,6,5,3,No,None,8
P11018,Male,31,Nurse,6.9,7,62,74,11247,117,71,22.6,Normal,7.6,4.9,2.7,200,7,7,5,No,None,5
P11019,Male,40,Software Engineer,6.1,5,45,82,8368,123,77,23.9,Normal,8.9,8.1,2.5,278,5,5,4,No,Occasional,8
P11020,Male,35,Engineer,6.6,6,60,76,10941,117,72,22.6,Normal,8.2,6.0,2.5,232,7,6,5,No,Occasional,6
P11021,Male,43,Teacher,6.3,6,57,80,8644,124,76,24.3,Normal,8.5,7.1,2.4,262,6,6,5,No,Occasional,7
P11022,Female,24,Software Engineer,8.2,9,77,71,13555,107,68,23.0,Normal,6.4,2.0,2.9,102,9,9,7,No,Occasional,2
P11023,Female,30,Lawyer,7.6,8,73,70,12780,110,71,21.8,Normal,7.1,2.9,2.7,134,8,8,6,No,None,3
P11024,Male,35,Engineer,7.0,7,64,76,10872,117,72,22.4,Normal,7.6,5.1,2.5,194,8,7,5,No,Occasional,5
P11025,Male,41,Lawyer,5.7,4,37,82,7578,126,76,23.6,Normal,9.1,8.9,2.3,328,4,5,3,No,Frequent,9
P11026,Female,27,Doctor,7.7,9,74,70,13016,112,69,22.2,Normal,6.9,3.2,2.8,136,8,8,7,No,Occasional,3
P11027,Female,38,Sales Representative,5.4,3,37,85,6895,128,78,25.2,Overweight,9.4,10.0,2.2,353,4,4,2,No,None,10
P11028,Male,38,Scientist,6.1,5,49,82,8670,124,77,23.9,Normal,8.7,7.9,2.5,280,5,6,4,Yes,None,8
P11029,Female,40,Nurse,7.3,7,61,77,11009,114,72,22.9,Normal,7.9,5.1,2.7,205,7,7,5,No,Frequent,5
P11030,Female,48,Doctor,5.2,3,41,85,6315,127,77,24.6,Normal,9.8,10.0,2.2,343,4,4,3,No,Occasional,10
P11031,Male,31,Sales Representative,8.0,9,73,69,13348,112,69,22.3,Normal,7.1,3.0,2.9,141,8,8,6,No,Occasional,3
P11032,Male,35,Software Engineer,7.4,8,63,75,11753,114,72,21.5,Normal,7.1,4.1,2.6,178,8,7,6,Yes,Occasional,4
P11033,Female,25,Sales Representative,8.3,10,86,65,14288,106,69,21.5,Normal,6.1,1.0,2.9,78,10,9,7,No,Occasional,1
P11034,Male,36,Nurse,6.6,6,53,77,9728,119,72,23.6,Normal,7.8,6.1,2.4,227,7,7,4,Yes,Occasional,6
P11035,Male,29,Sales Representative,8.2,10,85,67,13769,108,69,20.8,Normal,6.7,2.1,2.9,103,9,9,7,No,None,2
P11036,Male,46,Teacher,5.7,4,38,86,7449,125,75,24.2,Normal,9.0,9.1,2.3,339,5,5,3,No,Occasional,9
P11037,Male,39,Doctor,6.2,5,49,81,8552,123,75,25.1,Overweight,8.8,8.0,2.4,286,5,6,4,No,None,8
P11038,Male,46,Manager,5.2,3,37,85,6438,128,77,24.6,Normal,9.7,9.9,2.3,346,4,4,3,No,Frequent,10
P11039,Female,30,Software Engineer,8.5,10,80,67,14289,108,67,21.4,Normal,6.1,1.0,3.0,80,10,9,8,No,Occasional,1
P11040,Female,41,Software Engineer,6.5,6,61,77,9638,118,74,22.9,Normal,8.1,5.9,2.5,226,6,7,5,Yes,Occasional,6
P11041,Male,34,Software Engineer,6.0,5,46,81,8098,126,73,23.8,Normal,8.9,8.0,2.3,301,5,5,4,Yes,Frequent,8
P11042,Male,46,Software Engineer,5.5,3,39,87,6883,130,78,25.6,Overweight,9.6,10.0,2.3,351,4,4,3,No,Frequent,10
P11043,Male,33,Scientist,6.9,6,56,76,10072,121,74,24.5,Normal,8.0,5.9,2.6,232,7,6,5,No,None,6
P11044,Male,39,Salesperson,6.4,5,55,80,9633,121,77,23.3,Normal,8.4,6.9,2.5,252,6,6,4,No,Occasional,7
P11045,Male,27,Salesperson,8.6,10,82,66,14917,109,69,21.6,Normal,6.3,1.0,3.0,77,10,9,7,No,None,1
P11046,Female,30,Software Engineer,8.0,9,79,70,13957,111,70,21.1,Normal,6.6,1.9,2.9,102,9,9,7,No,Occasional,2
P11047,Female,35,Salesperson,7.0,7,63,74,11638,115,72,22.0,Normal,7.8,5.2,2.7,202,7,7,5,Yes,Frequent,5
P11048,Male,40,Teacher,6.4,5,52,79,9485,122,76,22.9,Normal,8.5,7.0,2.5,260,6,6,4,No,Frequent,7
P11049,Male,41,Nurse,6.3,5,50,82,8143,122,76,23.8,Normal,8.8,8.0,2.3,293,6,5,4,No,None,8
P11050,Male,39,Salesperson,6.9,7,68,76,10901,117,72,22.2,Normal,7.5,5.1,2.5,200,7,7,5,No,None,5
P11051,Male,29,Salesperson,8.3,9,80,68,13632,109,70,21.8,Normal,6.5,2.2,2.9,110,9,9,7,No,None,2
P11052,Female,32,Scientist,7.8,9,74,70,12225,113,69,22.0,Normal,6.9,3.1,2.9,137,9,8,6,Yes,Occasional,3
P11053,Female,45,Lawyer,6.1,5,47,81,7622,126,76,23.5,Normal,8.8,7.9,2.2,287,5,5,4,No,Occasional,8
P11054,Male,32,Lawyer,8.1,9,76,69,13968,110,71,22.2,Normal,6.7,2.1,2.8,109,9,9,7,No,Occasional,2
P11055,Female,34,Scientist,7.2,7,63,76,11282,118,74,22.9,Normal,7.5,4.9,2.7,203,7,7,5,No,Occasional,5
P11056,Female,30,Manager,6.8,7,62,77,10563,120,72,23.2,Normal,8.1,6.1,2.6,222,7,6,5,Yes,Occasional,6
P11057,Female,36,Salesperson,7.4,8,63,72,11768,113,72,22.6,Normal,7.1,4.0,2.9,168,8,8,5,No,None,4
P11058,Male,35,Salesperson,8.1,9,82,69,14063,111,70,21.4,Normal,6.3,2.0,2.8,105,9,9,6,Yes,None,2
P11059,Male,40,Doctor,5.4,3,33,86,6685,128,76,24.1,Normal,9.7,10.0,2.1,349,4,4,3,No,Occasional,10
P11060,Male,29,Sales Representative,8.0,9,73,69,13747,112,71,21.6,Normal,6.5,2.1,3.0,103,10,9,7,No,None,2
P11061,Female,32,Sales Representative,7.9,9,70,70,11909,113,71,21.8,Normal,7.1,2.9,2.9,145,8,8,6,No,Occasional,3
P11062,Female,32,Teacher,7.0,7,59,76,10972,114,71,23.0,Normal,7.7,5.0,2.7,200,7,7,5,Yes,None,5
P11063,Female,37,Software Engineer,5.8,4,43,85,7125,126,78,24.4,Normal,9.1,9.0,2.3,301,4,5,3,No,None,9
P11064,Female,34,Teacher,7.3,7,59,75,11744,117,75,22.6,Normal,7.7,4.8,2.7,200,7,7,5,Yes,Occasional,5
P11065,Male,37,Teacher,6.5,5,54,80,8015,121,74,23.4,Normal,8.7,7.0,2.5,259,6,6,4,No,Frequent,7
P11066,Male,33,Software Engineer,7.4,8,67,71,11954,118,71,22.5,Normal,7.4,4.0,2.8,167,8,8,6,No,Occasional,4
P11067,Female,29,Doctor,6.8,7,59,74,10911,119,73,23.1,Normal,7.8,5.0,2.6,202,7,7,5,Yes,Occasional,5
P11068,Male,44,Engineer,5.6,4,41,86,7117,128,79,24.2,Normal,9.1,8.9,2.3,327,4,5,3,No,Frequent,9
P11069,Male,47,Teacher,5.4,3,32,85,5850,128,78,24.4,Normal,9.4,9.9,2.2,364,4,4,3,No,Occasional,10
P11070,Male,32,Scientist,6.8,6,56,78,10174,121,75,23.6,Normal,8.0,6.2,2.6,229,6,7,5,No,Occasional,6
P11071,Male,43,Nurse,6.1,5,51,81,8569,125,77,24.3,Normal,9.0,8.0,2.4,300,6,5,3,No,None,8
P11072,Female,30,Scientist,7.4,8,66,73,11911,115,71,22.3,Normal,7.4,4.0,2.7,165,8,8,5,No,Occasional,4
P11073,Male,44,Software Engineer,5.8,4,42,84,7418,129,76,24.0,Normal,9.3,9.1,2.3,324,5,5,3,No,Frequent,9
P11074,Female,35,Salesperson,7.6,9,74,72,12686,110,70,21.3,Normal,6.7,2.9,2.8,140,9,8,6,No,Frequent,3
P11075,Male,38,Teacher,6.6,6,54,81,8671,120,80,22.8,Normal,8.4,7.0,2.3,266,6,5,5,No,Occasional,7
P11076,Female,29,Nurse,7.1,7,66,76,10280,120,75,23.1,Normal,7.7,5.0,2.7,198,7,7,5,No,Occasional,5
P11077,Female,32,Sales Representative,6.1,4,42,82,8528,119,76,22.8,Normal,8.7,8.2,2.2,280,5,6,4,No,Occasional,8
P11078,Female,39,Scientist,5.7,4,41,85,7646,122,77,23.9,Normal,9.1,9.0,2.4,330,5,5,3,Yes,Occasional,9
P11079,Male,34,Lawyer,7.1,7,62,77,11116,116,73,23.2,Normal,7.6,5.0,2.6,198,7,7,5,No,None,5
P11080,Male,39,Software Engineer,6.1,5,49,83,7991,127,75,24.1,Normal,9.1,7.9,2.5,284,5,5,4,No,Occasional,8
P11081,Female,44,Salesperson,5.8,4,43,85,6473,129,78,23.7,Normal,9.3,9.0,2.3,322,5,5,3,Yes,Occasional,9
P11082,Male,43,Software Engineer,6.0,4,40,83,7546,125,78,24.0,Normal,9.1,9.1,2.2,326,5,5,3,No,Occasional,9
P11083,Male,45,Scientist,5.4,3,34,85,7062,130,78,24.6,Normal,9.3,10.0,2.1,335,4,4,2,Yes,None,10
P11084,Female,21,Lawyer,8.3,10,85,69,15095,110,66,21.9,Normal,6.3,1.0,3.1,73,10,9,7,No,None,1
P11085,Male,42,Teacher,5.4,3,38,86,6322,130,79,25.0,Overweight,9.6,9.9,2.3,351,4,5,2,No,None,10
P11086,Female,29,Engineer,8.2,10,77,69,13699,110,68,21.8,Normal,6.9,2.0,3.0,118,9,9,7,No,Occasional,2
P11087,Male,33,Doctor,7.0,7,61,73,11418,118,73,23.2,Normal,7.7,4.9,2.7,193,7,7,5,No,None,5
P11088,Male,35,Engineer,5.6,4,42,81,7334,124,76,25.0,Overweight,9.2,9.0,2.3,325,5,5,3,No,Occasional,9
P11089,Male,35,Software Engineer,7.7,9,71,70,12612,111,70,22.0,Normal,6.7,3.0,3.0,138,8,8,6,No,None,3
P11090,Male,34,Doctor,6.5,5,54,79,8926,122,75,23.5,Normal,8.3,7.1,2.4,251,6,6,5,No,Occasional,7
P11091,Male,39,Nurse,6.5,5,53,79,8478,121,75,23.8,Normal,8.6,7.0,2.5,268,6,6,4,No,Occasional,7
P11092,Male,25,Software Engineer,8.5,9,72,67,13824,109,68,21.3,Normal,6.5,1.9,2.9,106,9,9,7,No,Occasional,2
P11093,Female,28,Doctor,7.6,9,73,71,12960,109,72,21.9,Normal,7.1,3.1,2.8,122,8,8,6,No,Frequent,3
P11094,Male,42,Software Engineer,6.4,6,56,80,9800,122,76,23.5,Normal,8.6,7.0,2.7,260,6,6,5,Yes,Occasional,7
P11095,Female,37,Lawyer,5.8,4,40,83,7689,124,77,24.3,Normal,9.3,9.0,2.3,326,5,5,3,No,None,9
P11096,Male,25,Sales Representative,8.1,9,82,69,13031,110,67,21.4,Normal,6.7,1.8,2.9,110,9,9,7,No,Frequent,2
P11097,Male,39,Sales Representative,6.2,5,51,81,8721,123,75,24.0,Normal,9.0,8.0,2.3,291,5,6,4,Yes,Frequent,8
P11098,Female,33,Scientist,7.4,8,66,74,11202,117,71,22.6,Normal,7.3,4.0,2.8,161,8,8,6,No,None,4
P11099,Female,28,Nurse,8.1,10,80,69,13960,108,67,21.6,Normal,6.4,1.8,3.1,118,9,9,6,No,None,2
P11100,Female,39,Scientist,6.0,5,47,83,7674,124,77,24.9,Normal,8.9,8.0,2.4,288,5,5,4,No,None,8
P11101,Male,43,Sales Representative,5.4,4,36,86,6063,129,79,24.6,Normal,9.9,10.0,2.1,359,4,4,3,No,Frequent,10
P11102,Female,28,Software Engineer,8.0,9,75,68,14717,111,67,21.4,Normal,6.5,1.8,2.8,103,9,9,7,No,None,2
P11103,Female,36,Software Engineer,7.5,8,67,72,12169,116,71,22.3,Normal,7.3,4.1,2.7,170,8,7,5,No,Occasional,4
P11104,Female,39,Engineer,5.7,4,42,85,7763,128,77,24.3,Normal,9.3,9.0,2.3,326,5,5,3,No,Occasional,9
P11105,Male,41,Software Engineer,5.9,4,44,85,7629,130,78,24.6,Normal,9.2,9.0,2.3,333,4,5,4,No,None,9
P11106,Male,45,Salesperson,6.1,5,43,82,8520,122,76,23.5,Normal,8.6,8.0,2.3,288,5,5,4,Yes,Occasional,8
P11107,Male,38,Scientist,6.4,5,53,79,9090,121,73,23.4,Normal,8.4,7.0,2.5,253,6,6,4,Yes,Occasional,7
P11108,Male,26,Teacher,7.5,8,65,72,11943,115,71,22.4,Normal,7.1,4.0,2.7,171,8,7,6,Yes,Frequent,4
P11109,Female,31,Lawyer,7.5,8,64,73,11616,117,72,24.0,Normal,7.5,4.0,2.7,165,8,7,6,No,Frequent,4
P11110,Female,40,Teacher,5.4,3,40,85,6309,127,79,24.9,Normal,9.4,10.0,2.2,353,4,4,2,No,Occasional,10
P11111,Male,30,Teacher,7.6,8,69,72,12195,116,70,22.5,Normal,7.2,4.0,2.7,164,8,7,5,No,None,4
P11112,Male,39,Salesperson,6.5,5,54,80,9020,123,75,23.4,Normal,8.6,7.0,2.4,262,6,6,4,No,Frequent,7
P11113,Male,37,Scientist,7.2,7,64,75,11298,119,72,23.4,Normal,7.8,4.9,2.5,215,7,7,6,No,Occasional,5
P11114,Male,29,Scientist,7.8,9,77,71,13487,112,71,22.5,Normal,7.0,3.0,2.9,127,9,8,6,No,Occasional,3
P11115,Female,28,Salesperson,8.1,9,73,68,14280,109,70,21.3,Normal,6.6,2.1,2.9,114,9,9,7,No,None,2
P11116,Female,38,Teacher,6.3,4,50,81,8785,123,76,23.8,Normal,8.9,8.0,2.4,298,6,5,4,No,Occasional,8
P11117,Female,32,Lawyer,8.4,10,83,64,14955,110,67,21.8,Normal,6.4,1.0,2.9,77,10,9,7,No,None,1
P11118,Male,31,Lawyer,8.1,9,75,69,14016,111,68,22.0,Normal,6.8,1.9,3.0,111,9,9,7,No,Occasional,2
P11119,Male,43,Salesperson,6.1,4,46,81,8616,124,76,24.2,Normal,9.0,8.0,2.5,298,5,5,4,Yes,Occasional,8
P11120,Male,32,Software Engineer,7.9,9,76,69,13621,112,70,22.4,Normal,6.9,3.1,2.8,122,8,8,7,No,None,3
P11121,Male,35,Scientist,6.4,6,51,78,9027,119,74,22.7,Normal,8.7,7.1,2.5,272,6,6,5,No,None,7
P11122,Female,45,Nurse,5.5,3,31,84,6540,130,80,24.6,Normal,9.6,10.0,2.2,358,4,4,3,No,Frequent,10
P11123,Male,38,Doctor,6.0,4,42,82,7749,125,78,24.5,Normal,9.2,9.0,2.3,319,4,5,3,No,Occasional,9
P11124,Male,42,Engineer,5.0,4,40,85,5685,131,77,24.6,Normal,10.0,10.0,2.1,338,4,4,3,No,None,10
P11125,Female,33,Salesperson,7.3,8,64,75,11776,118,72,22.6,Normal,7.3,4.1,2.9,169,8,8,6,No,Occasional,4
P11126,Male,30,Nurse,7.7,8,72,76,11732,116,74,22.8,Normal,7.1,3.9,2.7,162,8,7,6,Yes,Occasional,4
P11127,Female,29,Scientist,8.1,9,78,69,13580,112,67,22.1,Normal,6.6,2.1,2.9,110,9,8,6,No,None,2
P11128,Female,31,Manager,7.8,9,70,71,12594,113,69,21.9,Normal,6.8,3.0,2.9,142,9,8,6,Yes,None,3
P11129,Male,39,Salesperson,6.8,6,57,77,10709,119,71,23.9,Normal,8.1,6.1,2.6,226,7,7,5,No,Occasional,6
P11130,Female,34,Lawyer,6.9,6,54,77,10142,119,74,23.2,Normal,8.1,6.1,2.5,238,6,7,5,No,Occasional,6
P11131,Male,35,Software Engineer,7.1,7,60,76,11742,119,73,22.6,Normal,7.5,5.0,2.5,197,7,7,5,No,None,5
P11132,Female,32,Engineer,7.5,8,67,73,12217,114,72,21.2,Normal,7.5,4.0,2.8,171,8,8,6,No,None,4
P11133,Male,32,Engineer,7.5,8,63,73,11782,114,72,22.6,Normal,7.4,3.9,2.8,181,8,8,6,No,Occasional,4
P11134,Male,30,Software Engineer,7.8,9,72,69,15309,110,70,21.6,Normal,6.7,1.9,3.0,116,9,8,6,No,Frequent,2
P11135,Male,34,Doctor,7.2,7,65,73,11093,119,72,22.8,Normal,7.9,5.0,2.6,197,7,7,5,No,Occasional,5
P11136,Male,41,Teacher,5.5,3,34,88,6347,127,79,24.8,Normal,9.8,10.0,2.2,352,4,4,3,Yes,Occasional,10
P11137,Male,30,Scientist,8.3,10,91,65,15138,108,68,21.1,Normal,6.3,1.1,3.0,76,10,9,8,No,Occasional,1
P11138,Female,28,Salesperson,7.8,9,75,70,12750,112,68,22.4,Normal,7.1,3.0,2.9,138,9,8,7,No,None,3
P11139,Male,29,Salesperson,7.9,8,74,71,11775,111,68,22.0,Normal,7.0,3.0,2.8,141,8,8,6,No,Occasional,3
P11140,Male,41,Sales Representative,6.0,5,48,82,7438,126,75,23.9,Normal,8.6,7.9,2.5,314,5,5,4,No,Occasional,8
P11141,Male,21,Scientist,8.4,10,81,66,14650,106,69,20.7,Normal,6.1,1.0,3.1,69,10,9,7,No,Occasional,1
P11142,Male,28,Manager,7.8,8,75,70,12464,113,71,22.4,Normal,6.8,3.1,2.7,134,9,8,6,No,Occasional,3
P11143,Male,40,Nurse,5.7,4,43,84,7555,124,77,24.3,Normal,9.2,9.1,2.3,325,5,5,3,No,None,9
P11144,Male,43,Sales Representative,5.2,4,33,85,6291,130,79,24.8,Normal,9.5,10.0,2.2,348,4,4,3,No,None,10
P11145,Male,35,Nurse,7.0,7,62,73,11512,117,70,23.1,Normal,7.6,5.1,2.7,200,7,7,5,No,Occasional,5
P11146,Male,34,Manager,6.4,6,53,78,8578,119,75,23.8,Normal,8.4,7.0,2.6,265,6,6,4,No,None,7
P11147,Male,34,Manager,7.8,9,71,73,11975,111,69,22.6,Normal,6.8,2.8,2.8,140,8,8,6,Yes,Occasional,3
P11148,Male,28,Manager,8.2,10,79,68,14808,106,67,21.8,Normal,6.3,1.1,3.2,86,10,9,8,No,None,1
P11149,Female,46,Teacher,5.4,3,37,85,6632,127,77,24.7,Normal,9.5,10.0,2.2,355,4,4,3,No,None,10
P11150,Male,31,Manager,6.8,6,60,76,10272,119,71,22.8,Normal,8.0,6.1,2.5,228,6,6,5,No,Occasional,6
P11151,Male,24,Sales Representative,8.5,10,84,65,15021,111,67,21.3,Normal,6.3,1.0,3.0,60,10,9,7,No,Occasional,1
P11152,Male,30,Manager,8.0,10,78,68,13241,111,68,22.0,Normal,6.7,2.1,2.9,97,9,9,7,No,Occasional,2
P11153,Male,29,Nurse,8.4,10,82,65,14812,110,67,21.5,Normal,6.1,1.1,3.1,80,10,9,7,No,None,1
P11154,Female,41,Manager,7.2,7,62,75,11359,117,72,22.7,Normal,7.8,4.9,2.6,199,7,7,5,No,None,5
P11155,Male,46,Lawyer,5.7,4,44,83,7175,127,77,24.3,Normal,9.2,8.9,2.3,330,4,5,4,No,Occasional,9
P11156,Male,30,Software Engineer,7.7,9,68,70,12448,113,70,21.9,Normal,6.7,3.0,2.8,139,9,8,7,Yes,Frequent,3
P11157,Male,32,Salesperson,7.9,9,70,70,13927,112,68,22.4,Normal,6.8,3.1,2.8,135,9,8,6,Yes,None,3
P11158,Male,41,Nurse,5.9,5,42,84,8444,124,76,25.0,Overweight,9.0,8.0,2.4,301,5,6,4,No,Frequent,8
P11159,Male,39,Nurse,6.9,7,54,74,10244,122,75,23.6,Normal,8.0,5.9,2.6,239,6,7,5,No,Occasional,6
P11160,Male,36,Scientist,6.7,6,55,77,10235,119,74,23.4,Normal,8.0,6.1,2.6,230,7,6,5,No,None,6
P11161,Male,47,Software Engineer,5.9,5,51,82,7738,124,76,24.2,Normal,9.0,8.1,2.3,285,6,5,4,No,None,8
P11162,Male,36,Software Engineer,7.3,7,59,73,10734,118,73,22.8,Normal,7.9,4.9,2.5,201,7,7,5,No,Occasional,5
P11163,Female,29,Engineer,7.5,8,64,73,12102,114,71,22.4,Normal,7.4,4.1,2.9,172,8,7,6,No,Frequent,4
P11164,Male,34,Salesperson,7.2,7,64,74,10330,120,73,23.3,Normal,7.6,5.0,2.7,199,7,7,5,No,None,5
P11165,Female,29,Lawyer,7.4,7,63,74,12600,114,70,22.1,Normal,7.3,3.9,2.7,181,8,8,6,No,Frequent,4
P11166,Male,33,Sales Representative,7.4,8,70,71,12678,116,71,22.6,Normal,7.5,4.1,2.7,165,8,7,6,No,Frequent,4
P11167,Male,28,Software Engineer,7.8,9,78,68,13654,110,67,20.8,Normal,6.5,2.1,2.8,103,9,9,6,No,None,2
P11168,Female,38,Salesperson,6.3,6,53,79,9588,122,75,23.8,Normal,8.4,7.0,2.5,268,6,6,4,No,None,7
P11169,Male,38,Teacher,7.0,7,62,75,11056,116,73,22.6,Normal,7.7,4.9,2.6,205,7,7,6,No,None,5
P11170,Male,32,Manager,7.5,8,59,72,11720,115,72,22.3,Normal,7.3,4.0,2.7,177,8,7,6,No,Occasional,4
P11171,Male,37,Nurse,6.1,4,48,85,8625,121,75,24.1,Normal,8.8,8.2,2.3,299,5,5,4,Yes,Occasional,8
P11172,Male,40,Lawyer,5.7,4,40,86,7680,122,75,23.5,Normal,9.2,9.0,2.2,338,4,5,3,No,Occasional,9
P11173,Female,44,Software Engineer,6.0,5,48,81,7999,122,75,24.1,Normal,8.6,8.0,2.5,298,5,5,4,No,Frequent,8
P11174,Male,43,Scientist,5.5,3,30,85,6695,128,80,25.0,Overweight,9.7,10.0,2.1,361,4,4,3,No,None,10
P11175,Male,34,Manager,6.3,6,57,77,8077,118,75,23.4,Normal,8.2,6.8,2.5,262,6,6,4,No,None,7
P11176,Male,32,Nurse,6.7,6,59,77,9190,118,74,23.5,Normal,7.9,6.2,2.4,231,7,7,4,No,None,6
P11177,Male,38,Teacher,6.1,5,46,81,8556,124,76,24.5,Normal,8.8,7.9,2.4,294,5,5,4,Yes,Occasional,8
P11178,Male,37,Teacher,6.6,6,49,80,9852,119,76,23.5,Normal,8.5,7.2,2.4,266,6,6,5,No,Occasional,7
P11179,Male,33,Salesperson,6.6,7,57,78,10028,120,72,23.5,Normal,8.3,6.1,2.6,237,7,6,5,No,None,6
P11180,Female,30,Salesperson,7.0,7,60,74,10586,116,72,23.2,Normal,7.9,5.0,2.6,199,7,7,5,No,Frequent,5
P11181,Female,33,Software Engineer,8.1,9,81,68,13475,111,72,21.5,Normal,6.4,2.1,2.9,101,9,8,7,No,Occasional,2
P11182,Female,35,Engineer,7.0,6,60,77,9794,118,74,23.2,Normal,8.2,6.2,2.6,239,7,6,5,Yes,None,6
P11183,Female,41,Nurse,6.2,5,51,83,8459,124,73,23.7,Normal,8.7,8.0,2.5,297,5,6,4,No,Frequent,8
P11184,Male,41,Doctor,6.2,5,49,81,8072,128,75,24.1,Normal,8.8,8.0,2.3,295,5,6,3,No,None,8
P11185,Male,27,Manager,8.2,9,76,70,12771,108,71,22.0,Normal,6.4,2.0,2.9,108,9,8,7,No,Occasional,2
P11186,Male,39,Sales Representative,5.7,4,43,84,6999,126,76,24.7,Normal,8.8,8.9,2.3,310,4,5,3,No,Frequent,9
P11187,Male,41,Engineer,6.8,6,58,77,9902,120,77,23.8,Normal,8.0,6.0,2.7,235,7,6,5,No,Frequent,6
P11188,Male,27,Sales Representative,8.3,10,84,67,15000,108,69,22.0,Normal,6.4,1.0,3.1,81,10,9,7,No,Frequent,1
P11189,Female,33,Doctor,6.8,6,61,78,9709,118,74,23.3,Normal,8.3,5.9,2.5,237,7,7,5,No,None,6
P11190,Male,34,Scientist,6.4,5,55,82,9646,119,74,24.0,Normal,8.4,7.1,2.6,274,6,5,4,No,Occasional,7
P11191,Female,45,Scientist,5.3,3,35,85,6132,129,78,25.6,Overweight,9.7,10.0,2.3,353,4,4,3,Yes,Frequent,10
P11192,Male,25,Scientist,8.0,10,79,69,13554,112,67,22.4,Normal,6.5,1.9,2.9,106,9,8,6,No,None,2
P11193,Female,26,Doctor,8.4,10,81,68,15038,110,66,21.0,Normal,6.1,1.0,3.0,77,10,9,7,Yes,Occasional,1
P11194,Male,26,Teacher,7.5,8,68,73,12460,114,70,22.8,Normal,7.3,4.1,2.7,177,8,8,6,No,None,4
P11195,Female,38,Software Engineer,5.7,4,40,83,7433,127,75,24.6,Normal,9.3,8.9,2.4,324,5,5,3,No,Frequent,9
P11196,Female,37,Manager,7.0,7,54,76,10948,117,74,23.8,Normal,7.7,4.9,2.7,206,7,7,5,No,None,5
P11197,Male,40,Scientist,6.8,7,59,78,9935,125,75,23.1,Normal,8.0,6.0,2.5,234,7,6,5,No,None,6
P11198,Female,26,Doctor,7.9,8,73,69,12879,109,70,22.1,Normal,6.6,3.1,2.8,129,9,8,6,Yes,Occasional,3
P11199,Male,31,Engineer,6.9,6,55,77,10448,116,75,23.4,Normal,8.2,6.2,2.6,229,6,7,5,No,Occasional,6
P11200,Male,29,Scientist,6.8,6,56,78,9828,119,73,22.6,Normal,8.3,6.1,2.6,230,7,6,5,No,Frequent,6
P11201,Female,26,Teacher,7.8,8,71,71,13441,110,70,22.4,Normal,7.2,2.9,2.9,153,9,8,6,No,Frequent,3
P11202,Female,41,Software Engineer,5.6,4,41,84,6751,126,77,25.0,Overweight,9.3,9.1,2.1,319,5,5,3,No,None,9
P11203,Female,41,Teacher,5.5,3,39,87,5695,129,78,26.0,Overweight,9.5,10.0,2.2,361,4,4,3,No,Occasional,10
P11204,Female,48,Engineer,5.5,3,41,84,6203,133,79,24.7,Normal,9.5,10.0,2.1,353,4,4,3,No,Frequent,10
P11205,Female,35,Software Engineer,7.4,8,69,70,12084,116,70,22.5,Normal,7.1,4.0,2.8,169,8,7,6,No,Frequent,4
P11206,Male,30,Scientist,7.5,8,69,72,11679,112,72,22.9,Normal,7.4,4.0,2.7,171,8,8,6,No,Occasional,4
P11207,Female,35,Doctor,7.4,8,66,71,11710,118,71,21.8,Normal,7.2,4.0,2.7,173,8,8,6,No,Occasional,4
P11208,Female,37,Engineer,6.2,5,49,82,8063,124,74,23.7,Normal,9.1,8.1,2.3,292,5,6,4,Yes,None,8
P11209,Male,44,Salesperson,5.2,3,36,86,5826,129,79,24.1,Normal,9.9,10.0,2.1,359,4,4,3,Yes,None,10
P11210,Male,46,Software Engineer,5.8,4,39,84,6635,125,78,24.3,Normal,9.1,9.0,2.3,321,4,5,4,No,Frequent,9
P11211,Female,26,Nurse,7.8,8,72,69,13364,112,70,21.8,Normal,7.0,3.0,2.8,129,9,8,6,No,Occasional,3
P11212,Male,43,Lawyer,5.4,3,34,85,6915,131,76,24.7,Normal,9.8,9.9,2.1,359,4,4,2,No,Frequent,10
P11213,Female,31,Manager,7.9,9,72,70,12577,109,70,22.4,Normal,7.0,3.1,2.9,131,8,8,6,No,Occasional,3
P11214,Female,29,Manager,8.2,9,81,64,13989,110,70,20.8,Normal,6.6,2.0,2.9,107,9,9,7,No,Frequent,2
P11215,Female,35,Lawyer,6.4,6,55,81,9768,123,76,24.2,Normal,8.6,6.9,2.5,276,6,5,4,No,Frequent,7
P11216,Female,40,Nurse,5.6,5,43,83,7103,128,77,24.1,Normal,9.4,8.9,2.4,329,5,5,3,Yes,Occasional,9
P11217,Female,43,Scientist,5.9,5,48,81,9020,127,75,24.3,Normal,8.9,7.9,2.3,302,5,5,3,No,Occasional,8
P11218,Female,35,Salesperson,8.1,9,76,68,12997,109,67,21.6,Normal,6.5,2.0,2.9,108,9,9,7,No,None,2
P11219,Male,43,Doctor,5.7,4,46,83,7060,125,77,24.6,Normal,9.3,9.0,2.4,321,4,4,3,No,None,9
P11220,Female,32,Sales Representative,7.2,7,60,75,10267,118,72,23.8,Normal,7.6,5.1,2.6,198,7,7,5,Yes,Occasional,5
P11221,Male,43,Engineer,6.0,5,47,81,8463,126,74,23.4,Normal,9.0,8.2,2.5,297,5,5,4,No,Occasional,8
P11222,Female,35,Manager,6.7,6,60,78,10130,120,72,23.4,Normal,8.1,6.0,2.8,232,7,7,4,No,None,6
P11223,Female,41,Salesperson,7.1,7,61,74,11535,121,73,23.5,Normal,7.5,5.0,2.6,205,7,7,5,No,Occasional,5
P11224,Female,30,Engineer,8.7,10,82,66,14887,108,67,21.0,Normal,6.1,1.0,3.1,89,10,9,7,Yes,None,1
P11225,Male,27,Engineer,7.8,9,73,71,12787,112,69,22.2,Normal,6.9,3.0,2.9,128,8,9,7,No,Occasional,3
P11226,Male,24,Manager,7.7,9,73,70,13164,113,69,21.9,Normal,7.2,2.9,2.8,141,9,8,6,No,Occasional,3
P11227,Female,41,Nurse,5.5,4,37,83,7217,128,75,24.3,Normal,9.2,8.9,2.3,332,5,5,3,No,Occasional,9
P11228,Male,32,Manager,7.3,8,75,73,11986,112,71,22.4,Normal,7.5,3.8,2.7,169,8,8,6,No,Occasional,4
P11229,Male,37,Teacher,6.3,6,49,80,9518,118,75,23.2,Normal,8.6,7.0,2.5,278,5,6,4,No,None,7
P11230,Male,25,Engineer,7.9,9,75,72,13677,114,70,22.5,Normal,6.8,3.0,2.9,134,9,8,6,No,Frequent,3
P11231,Female,37,Sales Representative,7.4,7,62,75,11028,121,73,23.1,Normal,7.6,5.0,2.6,204,7,7,6,No,Occasional,5
P11232,Female,26,Lawyer,8.7,10,84,65,14987,105,66,21.3,Normal,6.1,1.0,3.1,78,10,9,7,No,Occasional,1
P11233,Female,24,Teacher,8.5,10,84,65,13769,108,66,21.6,Normal,6.4,1.1,2.9,78,10,9,7,No,Occasional,1
P11234,Male,34,Nurse,6.5,5,49,78,8898,121,72,23.2,Normal,8.5,7.1,2.4,255,6,6,5,No,Frequent,7
P11235,Female,35,Nurse,7.8,8,65,70,12765,115,70,21.5,Normal,7.1,3.0,2.8,132,9,8,7,No,None,3
P11236,Female,32,Lawyer,7.4,8,68,73,12333,113,71,22.0,Normal,7.4,3.9,2.6,161,8,8,6,Yes,None,4
P11237,Female,31,Teacher,7.7,8,75,69,12754,115,71,21.9,Normal,6.9,2.9,2.7,134,8,8,6,No,Occasional,3
P11238,Male,33,Scientist,7.3,8,68,72,12343,115,74,22.0,Normal,7.2,4.0,2.7,153,8,8,6,Yes,None,4
P11239,Male,39,Doctor,7.9,9,73,71,11831,114,69,22.2,Normal,6.7,3.0,2.8,138,9,8,6,No,Occasional,3
P11240,Female,30,Lawyer,7.4,8,66,72,11677,113,72,23.3,Normal,7.2,4.0,2.8,166,8,8,5,Yes,Frequent,4
P11241,Female,28,Sales Representative,7.4,8,68,73,12318,116,72,22.8,Normal,7.3,4.0,2.8,159,8,8,6,No,None,4
P11242,Male,38,Nurse,6.5,6,53,78,8757,124,77,24.0,Normal,8.8,6.9,2.5,254,6,6,4,No,Occasional,7
P11243,Female,41,Scientist,6.3,6,49,79,9018,122,75,23.9,Normal,8.4,7.0,2.5,271,6,6,5,No,Occasional,7
P11244,Male,33,Scientist,6.4,6,56,81,9066,118,74,23.8,Normal,8.1,7.0,2.5,263,6,6,5,No,Frequent,7
P11245,Male,31,Sales Representative,7.2,8,68,72,11983,114,74,22.9,Normal,7.3,4.0,2.7,177,8,7,6,No,Frequent,4
P11246,Female,36,Salesperson,5.8,5,46,81,8760,126,76,23.9,Normal,8.7,7.9,2.4,299,5,5,4,No,Occasional,8
P11247,Male,34,Doctor,6.3,6,49,79,9823,120,75,23.4,Normal,8.5,7.0,2.4,263,6,6,5,No,Frequent,7
P11248,Male,32,Teacher,7.0,7,63,75,11275,116,73,23.5,Normal,7.6,5.0,2.6,198,7,7,6,No,None,5
P11249,Female,47,Nurse,5.9,5,44,82,7787,122,75,23.7,Normal,8.9,8.0,2.5,283,5,6,4,No,None,8
P11250,Male,35,Teacher,6.8,7,57,73,11893,117,73,22.2,Normal,7.7,5.1,2.7,187,7,7,6,No,Frequent,5
P11251,Female,40,Manager,5.9,4,35,84,7424,124,78,24.2,Normal,9.2,9.0,2.3,320,5,5,3,Yes,Occasional,9
P11252,Male,40,Salesperson,6.6,5,52,79,8501,126,74,22.8,Normal,8.6,7.0,2.5,247,5,6,5,No,Occasional,7
P11253,Female,27,Manager,8.7,10,79,66,13959,108,68,21.2,Normal,6.1,1.0,3.0,74,10,9,7,No,Frequent,1
P11254,Female,36,Doctor,6.4,5,53,79,8919,124,74,23.8,Normal,8.5,6.8,2.4,260,6,6,4,Yes,None,7
P11255,Female,43,Scientist,6.5,6,53,79,8831,120,76,23.1,Normal,8.5,6.9,2.3,259,6,6,4,No,Occasional,7
P11256,Female,29,Lawyer,7.6,9,76,70,12696,112,67,21.5,Normal,7.2,3.0,2.8,135,9,8,7,No,None,3
P11257,Female,30,Lawyer,7.4,8,65,72,12468,115,71,22.3,Normal,7.2,4.1,2.7,181,8,7,6,No,Occasional,4
P11258,Male,39,Scientist,5.9,5,49,83,8285,124,73,24.9,Normal,8.7,8.1,2.5,295,5,5,4,No,None,8
P11259,Male,40,Doctor,6.2,5,47,81,8670,123,77,24.0,Normal,8.8,8.1,2.4,289,5,5,3,No,Occasional,8
P11260,Female,28,Nurse,7.8,8,73,74,12933,110,68,22.8,Normal,7.0,2.9,2.9,142,9,8,6,No,Occasional,3
P11261,Male,30,Lawyer,8.1,9,76,70,14222,113,69,21.5,Normal,6.4,2.0,2.9,116,9,8,7,No,Occasional,2
P11262,Female,42,Lawyer,6.3,6,53,80,8346,120,76,24.1,Normal,8.6,7.2,2.4,263,6,6,5,Yes,Occasional,7
P11263,Male,39,Doctor,5.8,4,40,85,7434,125,77,24.9,Normal,9.3,8.9,2.3,329,5,5,3,No,None,9
P11264,Male,37,Salesperson,6.7,6,57,75,10229,119,72,23.2,Normal,8.5,5.9,2.8,225,6,7,4,No,None,6
P11265,Male,42,Nurse,6.0,5,50,81,7669,125,77,24.4,Normal,8.8,8.1,2.4,301,5,5,4,No,Frequent,8
P11266,Male,40,Scientist,6.3,5,46,82,8209,123,76,23.7,Normal,8.9,8.0,2.3,290,6,6,4,No,Frequent,8
P11267,Male,32,Teacher,8.1,9,82,69,14229,110,69,20.5,Normal,6.6,1.9,2.9,106,9,9,7,No,Frequent,2
P11268,Male,27,Manager,8.4,10,79,67,14204,107,71,21.7,Normal,6.0,1.2,3.0,76,10,9,7,No,None,1
P11269,Female,33,Doctor,7.5,8,61,75,11780,113,72,22.4,Normal,7.1,3.9,2.7,154,8,8,6,No,None,4
P11270,Female,34,Manager,6.9,7,60,74,11564,113,72,22.3,Normal,7.8,5.0,2.5,201,7,7,5,No,None,5
P11271,Female,48,Scientist,5.3,3,38,86,6277,132,76,24.6,Normal,9.8,10.0,2.2,357,4,4,3,Yes,None,10
P11272,Male,35,Teacher,7.8,8,70,71,12464,109,70,22.1,Normal,7.2,3.0,2.8,125,8,8,6,Yes,Occasional,3
P11273,Male,31,Scientist,7.9,9,76,70,13963,113,70,21.5,Normal,6.7,2.2,2.9,105,9,9,7,No,Occasional,2
P11274,Female,33,Lawyer,7.2,7,64,72,11410,113,72,23.1,Normal,7.2,4.0,2.7,168,8,7,6,No,Frequent,4
P11275,Female,31,Scientist,7.9,9,75,69,14233,109,69,21.2,Normal,6.6,2.0,2.8,104,9,9,7,Yes,Occasional,2
P11276,Male,36,Sales Representative,6.8,7,59,79,10186,121,73,22.9,Normal,8.1,6.0,2.5,227,6,7,4,No,None,6
P11277,Male,37,Sales Representative,6.7,6,57,79,10070,122,76,22.7,Normal,7.8,5.9,2.6,226,7,7,5,No,Frequent,6
P11278,Female,37,Software Engineer,6.7,6,54,77,10562,122,75,23.9,Normal,8.1,6.0,2.4,230,7,7,5,No,None,6
P11279,Male,30,Software Engineer,8.2,9,81,69,13358,112,68,21.6,Normal,6.6,2.0,2.9,99,9,8,6,No,None,2
P11280,Female,32,Engineer,7.9,9,75,67,14162,111,69,21.4,Normal,6.5,2.1,2.9,113,9,9,7,No,Occasional,2
P11281,Male,46,Software Engineer,5.4,4,36,85,5632,127,80,24.7,Normal,9.8,10.0,2.1,366,4,4,3,No,None,10
P11282,Male,37,Software Engineer,6.8,6,53,76,10015,114,74,22.8,Normal,8.2,6.1,2.6,234,7,7,5,No,Occasional,6
P11283,Female,25,Salesperson,8.6,10,80,65,15256,109,67,21.6,Normal,6.3,1.0,3.0,67,10,9,7,No,None,1
P11284,Male,26,Doctor,7.5,8,66,72,11736,113,70,23.2,Normal,7.4,4.0,2.6,184,8,7,6,No,Occasional,4
P11285,Male,42,Engineer,5.3,3,34,87,5938,127,78,25.2,Overweight,9.7,10.0,2.2,356,4,4,3,No,Frequent,10
P11286,Female,42,Engineer,5.9,4,41,85,8031,127,78,25.0,Overweight,9.0,8.9,2.3,337,5,4,3,Yes,Occasional,9
P11287,Female,24,Teacher,8.4,10,85,68,15081,108,69,20.8,Normal,6.2,1.0,3.1,75,10,9,8,No,Occasional,1
P11288,Male,34,Teacher,8.1,9,80,68,13246,107,69,22.0,Normal,6.4,2.0,3.0,101,9,9,7,No,None,2
P11289,Female,24,Sales Representative,8.4,10,80,66,15279,108,68,20.8,Normal,6.2,1.1,3.1,71,10,9,7,No,Occasional,1
P11290,Male,30,Scientist,7.9,8,71,69,12640,113,71,22.8,Normal,6.9,2.9,2.8,143,9,8,6,No,Occasional,3
P11291,Female,31,Salesperson,7.8,9,76,67,13850,109,67,22.2,Normal,6.5,2.0,3.0,103,9,8,7,No,Occasional,2
P11292,Male,37,Engineer,7.6,8,69,74,11363,117,71,22.8,Normal,7.3,4.0,2.8,188,7,8,6,No,Occasional,4
P11293,Male,33,Teacher,5.8,5,48,81,8424,120,75,23.0,Normal,8.8,8.0,2.5,294,5,5,4,No,Occasional,8
P11294,Male,35,Scientist,6.8,7,62,77,10790,116,74,22.5,Normal,8.0,5.1,2.5,210,7,7,6,No,Occasional,5
P11295,Male,39,Sales Representative,6.3,5,47,83,8209,125,75,23.1,Normal,8.5,7.9,2.3,294,5,5,3,Yes,None,8
P11296,Male,29,Teacher,7.4,7,64,75,10283,118,70,22.4,Normal,7.6,4.9,2.6,191,7,7,5,Yes,Occasional,5
P11297,Female,26,Lawyer,8.3,10,77,68,12720,112,68,21.0,Normal,6.4,2.0,3.1,111,10,8,7,No,Occasional,2
P11298,Male,33,Engineer,6.9,6,64,72,11228,118,74,22.7,Normal,7.6,4.9,2.5,197,7,7,5,No,None,5
P11299,Male,35,Scientist,6.8,6,54,78,10514,122,73,23.1,Normal,8.1,6.0,2.6,231,7,7,5,Yes,Occasional,6
P11300,Male,43,Nurse,5.4,3,42,85,7455,129,79,25.2,Overweight,9.6,10.0,2.2,350,4,4,3,Yes,None,10
P11301,Male,40,Engineer,6.1,5,45,83,8456,125,77,24.3,Normal,8.7,8.0,2.4,284,5,5,4,No,None,8
P11302,Female,32,Salesperson,8.6,10,83,65,15140,108,68,21.6,Normal,6.1,1.0,3.1,64,10,9,7,No,None,1
P11303,Male,30,Nurse,7.3,7,59,78,11092,116,73,21.8,Normal,7.8,4.9,2.8,193,7,7,6,No,None,5
P11304,Male,44,Nurse,5.3,3,42,85,6171,126,78,24.4,Normal,9.5,10.0,2.3,355,4,4,3,No,None,10
P11305,Female,38,Manager,6.2,5,47,82,7682,123,75,24.0,Normal,8.9,8.1,2.4,297,5,5,4,Yes,Frequent,8
P11306,Male,35,Lawyer,7.1,7,60,75,10449,119,74,22.7,Normal,7.7,5.1,2.6,200,7,8,5,No,None,5
P11307,Female,40,Lawyer,6.2,5,48,82,8788,124,76,24.0,Normal,8.9,7.9,2.4,300,5,5,4,No,Occasional,8
P11308,Female,35,Lawyer,7.0,6,55,78,10269,118,75,23.2,Normal,8.1,5.8,2.6,242,6,6,5,No,Frequent,6
P11309,Female,34,Manager,7.3,8,64,73,12265,114,68,22.4,Normal,7.2,4.0,2.7,164,8,8,6,No,None,4
P11310,Male,43,Sales Representative,6.4,6,53,78,8887,122,73,24.0,Normal,8.8,7.0,2.5,269,6,6,4,Yes,None,7
P11311,Male,29,Teacher,8.3,10,83,66,14882,109,69,21.8,Normal,6.3,1.0,2.9,79,10,9,7,No,None,1
P11312,Female,47,Sales Representative,5.2,3,37,87,7092,128,77,24.4,Normal,9.5,9.9,2.3,347,4,4,3,No,Occasional,10
P11313,Male,39,Manager,5.8,4,42,83,7149,127,77,24.0,Normal,9.2,9.0,2.2,325,5,4,4,No,None,9
P11314,Female,29,Scientist,8.6,10,83,65,15040,107,69,20.9,Normal,6.3,1.0,3.1,79,10,9,8,No,None,1
P11315,Female,35,Lawyer,7.8,8,74,71,12884,115,71,21.9,Normal,6.9,3.0,2.8,140,8,8,6,No,None,3
P11316,Male,30,Manager,7.8,9,70,70,12601,115,70,21.5,Normal,6.7,3.1,2.8,129,8,8,6,No,Occasional,3
P11317,Male,29,Nurse,8.2,10,80,67,13454,108,69,21.5,Normal,6.5,2.1,3.0,99,9,9,7,Yes,None,2
P11318,Male,22,Software Engineer,8.2,9,82,68,14450,110,68,22.2,Normal,6.5,2.0,2.9,102,9,9,7,No,Occasional,2
P11319,Male,44,Scientist,5.3,3,37,85,6519,127,78,24.7,Normal,9.8,10.0,2.1,360,4,4,3,No,Frequent,10
P11320,Male,37,Doctor,6.1,5,42,81,8484,123,74,24.3,Normal,8.9,7.9,2.2,302,5,5,4,No,Occasional,8
P11321,Male,26,Sales Representative,8.4,10,81,67,14391,106,68,21.8,Normal,6.0,1.0,3.0,78,10,9,8,No,Occasional,1
P11322,Female,33,Doctor,6.9,7,63,75,10826,118,73,23.5,Normal,7.6,5.1,2.7,207,7,7,6,No,Occasional,5
P11323,Male,40,Teacher,6.7,7,59,77,9970,121,72,22.9,Normal,8.2,6.0,2.5,248,7,7,5,No,None,6
P11324,Female,31,Engineer,7.4,8,73,76,11748,116,70,24.1,Normal,7.4,4.0,2.7,186,8,7,6,No,None,4
P11325,Male,29,Scientist,7.6,9,74,71,12886,113,68,22.5,Normal,6.9,3.1,2.7,134,8,8,7,No,Occasional,3
P11326,Female,30,Teacher,8.1,9,83,68,12378,109,70,21.9,Normal,6.5,2.1,3.0,107,9,9,7,No,Frequent,2
P11327,Male,42,Scientist,5.3,3,37,86,6483,128,80,25.8,Overweight,9.4,10.0,2.2,340,4,5,3,No,Occasional,10
P11328,Male,35,Software Engineer,7.4,7,60,76,10159,120,73,23.0,Normal,7.8,5.0,2.6,203,7,7,5,No,Occasional,5
P11329,Male,26,Teacher,7.9,9,76,70,12761,114,71,22.3,Normal,6.8,2.9,2.7,136,8,8,7,No,None,3
P11330,Male,32,Lawyer,6.6,6,58,78,10197,121,74,22.8,Normal,8.1,6.0,2.6,228,6,6,5,No,None,6
P11331,Male,29,Nurse,7.6,8,61,70,11995,116,69,22.7,Normal,7.6,4.1,2.8,165,8,7,6,No,None,4
P11332,Male,29,Software Engineer,7.8,9,71,71,13967,112,70,21.6,Normal,7.0,3.0,2.8,142,9,8,7,No,None,3
P11333,Male,35,Teacher,6.7,7,55,78,10267,123,72,23.8,Normal,8.0,5.8,2.5,227,7,6,5,No,None,6
P11334,Male,32,Software Engineer,7.5,8,72,75,11542,115,70,22.1,Normal,7.3,4.2,2.7,179,8,8,6,Yes,Frequent,4
P11335,Female,41,Nurse,5.2,3,37,86,6442,128,81,25.4,Overweight,9.4,9.9,2.2,341,4,5,3,No,None,10
P11336,Female,44,Manager,5.4,4,35,86,6655,129,79,24.4,Normal,9.6,10.0,2.3,364,4,4,3,No,Occasional,10
P11337,Male,37,Software Engineer,6.8,6,55,77,10643,119,71,23.3,Normal,8.1,5.9,2.5,238,6,7,5,No,Occasional,6
P11338,Male,35,Teacher,6.4,5,53,82,9260,122,74,23.0,Normal,8.6,6.9,2.5,269,6,6,4,No,Occasional,7
P11339,Male,44,Software Engineer,6.2,5,46,80,8368,123,76,24.2,Normal,9.1,8.0,2.4,299,5,5,4,No,Occasional,8
P11340,Male,28,Software Engineer,7.7,8,67,74,11944,116,73,23.2,Normal,7.4,3.9,2.6,176,8,8,6,No,None,4
P11341,Male,41,Manager,5.9,4,40,84,7314,125,77,24.7,Normal,9.0,9.0,2.3,319,4,5,4,No,Frequent,9
P11342,Female,30,Nurse,7.5,8,69,73,11599,116,69,23.1,Normal,7.1,4.1,2.8,176,8,7,6,No,None,4
P11343,Male,37,Manager,7.2,7,61,74,11075,118,74,22.4,Normal,7.8,5.0,2.6,208,7,7,5,No,Frequent,5
P11344,Female,37,Doctor,5.9,5,42,82,8635,124,77,24.4,Normal,9.1,7.9,2.5,292,5,5,3,Yes,Frequent,8
P11345,Female,30,Software Engineer,8.5,10,86,67,15589,111,68,21.3,Normal,6.0,1.0,3.0,70,10,10,7,No,Occasional,1
P11346,Female,33,Scientist,7.8,9,76,71,12993,112,71,23.0,Normal,6.8,3.0,2.9,149,8,8,7,No,None,3
P11347,Male,40,Lawyer,5.3,4,34,86,6601,128,76,25.5,Overweight,9.8,9.9,2.2,351,4,4,3,No,Occasional,10
P11348,Male,26,Teacher,7.3,8,66,74,12110,113,69,22.6,Normal,7.3,4.0,2.7,168,8,7,6,No,Occasional,4
P11349,Male,44,Doctor,5.9,4,39,83,7953,128,78,23.9,Normal,9.0,9.0,2.3,309,4,5,3,Yes,Occasional,9
P11350,Female,38,Sales Representative,6.1,5,45,82,8605,125,74,24.2,Normal,8.8,8.1,2.4,300,5,5,4,No,Occasional,8
P11351,Male,34,Scientist,7.4,8,72,73,12597,115,71,22.5,Normal,7.2,4.0,2.7,170,8,7,6,No,None,4
P11352,Male,26,Scientist,8.0,9,74,70,11967,109,68,23.2,Normal,6.9,3.1,3.0,131,8,8,7,No,Occasional,3
P11353,Female,30,Doctor,8.0,9,82,68,14254,112,68,22.4,Normal,6.7,2.1,3.1,115,9,8,6,No,Occasional,2
P11354,Female,36,Doctor,6.5,6,53,77,10037,116,75,22.9,Normal,7.9,5.9,2.5,230,7,7,5,No,None,6
P11355,Female,30,Manager,7.6,8,69,74,11453,113,70,21.2,Normal,7.2,4.1,2.8,157,8,8,6,No,None,4
P11356,Female,35,Salesperson,6.8,6,59,75,10221,120,73,23.3,Normal,8.0,6.0,2.6,230,7,7,5,No,Occasional,6
P11357,Male,34,Scientist,6.5,6,51,79,9481,121,75,23.4,Normal,8.5,6.9,2.4,251,6,5,5,Yes,None,7
P11358,Female,24,Scientist,8.1,9,76,67,13157,109,69,21.5,Normal,6.3,1.9,2.9,104,9,9,7,No,None,2
P11359,Male,26,Lawyer,7.8,9,85,69,13432,112,68,21.2,Normal,6.5,1.9,2.8,101,9,9,7,No,Frequent,2
P11360,Male,37,Scientist,6.3,5,56,80,9077,123,75,24.2,Normal,8.5,6.9,2.5,258,6,6,4,No,Occasional,7
P11361,Male,35,Software Engineer,7.7,7,71,73,12045,113,72,21.9,Normal,7.3,4.0,2.8,168,8,8,6,Yes,None,4
P11362,Female,44,Nurse,5.3,4,37,87,6732,127,78,24.8,Normal,9.5,10.0,2.3,360,4,4,3,No,Frequent,10
P11363,Female,36,Manager,5.6,4,38,83,8018,127,76,24.9,Normal,9.5,9.0,2.2,329,4,5,4,No,Occasional,9
P11364,Male,43,Lawyer,6.0,5,44,82,8656,124,77,24.3,Normal,8.6,8.0,2.4,297,5,5,4,No,Occasional,8
P11365,Male,31,Sales Representative,7.8,8,75,69,13406,111,71,22.0,Normal,6.9,3.0,2.8,137,9,8,6,Yes,Occasional,3
P11366,Female,35,Engineer,7.5,8,69,71,12396,116,72,22.9,Normal,7.3,3.9,2.8,150,8,8,6,Yes,Occasional,4
P11367,Male,32,Salesperson,7.3,7,59,75,11130,115,73,22.0,Normal,7.6,4.8,2.6,200,7,7,5,No,Frequent,5
P11368,Male,30,Teacher,8.0,9,77,67,13531,110,70,21.7,Normal,6.3,2.0,2.9,102,9,9,7,No,None,2
P11369,Male,30,Engineer,7.7,8,72,70,12877,111,69,21.7,Normal,7.1,2.9,3.0,139,9,8,6,No,None,3
P11370,Female,38,Salesperson,5.7,4,40,84,7409,125,76,24.1,Normal,9.4,9.0,2.1,316,5,5,3,No,Frequent,9
P11371,Female,28,Teacher,8.5,10,84,65,13688,108,69,21.0,Normal,6.1,1.1,3.0,79,10,9,7,No,None,1
P11372,Female,29,Doctor,8.0,9,76,70,12887,113,69,22.0,Normal,7.0,3.0,2.7,147,8,8,7,No,Occasional,3
P11373,Female,33,Sales Representative,7.4,8,66,72,12069,115,71,23.0,Normal,7.1,4.0,2.8,181,8,7,5,Yes,None,4
P11374,Male,33,Lawyer,7.4,8,65,74,11798,116,72,22.6,Normal,7.2,3.9,2.8,167,8,7,6,No,Occasional,4
P11375,Male,36,Lawyer,7.7,8,73,70,12851,112,69,22.6,Normal,6.9,3.1,2.9,133,8,8,6,No,Frequent,3
P11376,Male,26,Scientist,8.3,10,82,66,14470,112,67,21.1,Normal,6.2,1.0,2.9,76,10,9,7,No,Frequent,1
P11377,Female,25,Engineer,8.7,10,83,67,14358,108,67,21.2,Normal,6.4,1.0,3.0,75,10,9,7,No,Occasional,1
P11378,Female,37,Scientist,6.2,5,44,83,7980,127,75,24.4,Normal,9.0,7.9,2.3,297,6,5,4,No,None,8
P11379,Female,36,Lawyer,5.4,3,36,86,6814,129,76,25.0,Overweight,9.5,10.0,2.3,351,4,4,3,Yes,Occasional,10
P11380,Female,41,Teacher,6.9,6,55,75,9685,121,73,23.8,Normal,8.0,5.9,2.5,229,7,6,5,No,Occasional,6
P11381,Female,33,Sales Representative,7.5,8,71,75,12324,114,70,23.1,Normal,7.7,4.1,2.6,177,8,7,6,No,Frequent,4
P11382,Male,34,Software Engineer,7.1,7,63,76,11084,117,71,22.4,Normal,7.7,5.1,2.8,206,7,7,5,No,Occasional,5
P11383,Male,40,Manager,6.9,6,49,77,10203,121,76,23.4,Normal,8.1,6.1,2.4,241,6,6,5,Yes,Frequent,6
P11384,Male,31,Engineer,7.2,7,65,76,11331,118,72,23.7,Normal,7.7,5.1,2.6,195,7,7,5,No,None,5
P11385,Female,26,Doctor,8.5,10,81,65,15164,107,67,20.8,Normal,6.3,1.0,2.8,72,10,10,7,No,Occasional,1
P11386,Female,41,Lawyer,6.5,6,52,78,8441,123,75,23.9,Normal,8.5,7.0,2.5,263,6,6,4,No,Occasional,7
P11387,Female,31,Teacher,8.5,10,76,67,14290,107,70,21.7,Normal,6.1,1.0,3.0,73,10,9,7,No,None,1
P11388,Female,27,Scientist,8.0,9,80,68,13796,110,68,21.4,Normal,6.5,2.1,3.0,112,9,9,6,No,None,2
P11389,Female,32,Sales Representative,7.7,9,74,71,12874,114,70,21.8,Normal,6.8,3.0,3.0,136,8,8,7,No,Occasional,3
P11390,Female,30,Doctor,8.4,10,80,68,14139,107,68,22.2,Normal,6.2,1.0,3.0,79,10,9,7,No,Frequent,1
P11391,Female,32,Engineer,7.6,8,65,72,12118,111,72,22.3,Normal,7.3,4.0,2.7,177,8,7,5,No,None,4
P11392,Male,28,Teacher,8.1,9,74,68,13572,109,67,21.3,Normal,6.5,2.0,3.0,99,9,9,7,No,Occasional,2
P11393,Male,39,Nurse,6.3,5,53,80,8810,123,76,23.9,Normal,8.4,7.0,2.5,264,6,6,4,No,None,7
P11394,Male,36,Sales Representative,6.6,5,52,81,8215,122,74,23.3,Normal,8.5,7.0,2.4,267,6,6,4,No,Occasional,7
P11395,Male,39,Lawyer,7.1,7,60,74,10904,116,72,23.6,Normal,7.9,5.0,2.7,184,7,7,5,No,None,5
P11396,Male,25,Software Engineer,8.5,10,82,68,14653,108,69,21.4,Normal,6.1,1.0,3.0,89,10,9,7,No,None,1
P11397,Female,41,Manager,5.7,4,36,85,7604,124,79,24.7,Normal,8.9,9.0,2.3,334,4,5,3,Yes,None,9
P11398,Female,40,Doctor,6.1,5,47,82,7962,123,75,23.9,Normal,9.0,8.1,2.3,291,5,5,4,No,Frequent,8
P11399,Female,28,Engineer,8.6,10,82,68,14649,112,69,20.8,Normal,6.1,1.0,3.0,75,10,9,7,No,Occasional,1
P11400,Female,41,Nurse,6.2,5,45,83,8660,123,77,23.9,Normal,8.9,8.0,2.3,286,5,6,4,No,Occasional,8
P11401,Male,24,Doctor,7.7,9,72,70,12786,113,68,22.2,Normal,6.7,3.1,2.9,153,9,7,6,No,Occasional,3
P11402,Male,34,Manager,7.6,9,70,72,12576,115,70,22.5,Normal,7.1,3.0,2.8,137,8,8,6,No,Occasional,3
P11403,Male,40,Software Engineer,6.8,6,57,78,10666,118,72,23.4,Normal,8.3,6.0,2.7,231,7,6,5,No,None,6
P11404,Female,28,Doctor,7.0,7,60,77,11571,117,74,22.5,Normal,7.8,5.0,2.6,194,7,7,5,No,None,5
P11405,Male,26,Engineer,7.9,10,77,70,13636,108,69,21.7,Normal,6.9,1.8,2.8,105,9,9,7,No,None,2
P11406,Male,41,Engineer,6.1,5,43,82,8219,123,76,24.4,Normal,8.7,7.9,2.5,302,5,5,4,No,Frequent,8
P11407,Male,41,Nurse,5.5,3,39,85,6330,132,79,24.7,Normal,9.7,10.0,2.2,348,4,4,3,No,Occasional,10
P11408,Male,43,Doctor,6.6,6,57,77,10229,118,73,23.3,Normal,8.1,6.1,2.6,240,7,7,5,No,None,6
P11409,Female,32,Teacher,7.8,8,69,71,11250,113,72,21.5,Normal,7.5,3.9,2.8,176,8,8,6,No,Occasional,4
P11410,Male,36,Teacher,8.1,9,82,70,13422,114,70,21.6,Normal,6.6,2.1,2.9,110,9,8,7,No,Occasional,2
P11411,Male,37,Sales Representative,7.8,9,73,70,12776,114,70,21.3,Normal,6.9,3.0,2.8,146,9,8,6,No,None,3
P11412,Male,31,Nurse,7.6,7,64,71,12100,114,72,22.0,Normal,7.4,4.0,2.7,173,8,7,6,Yes,None,4
P11413,Female,45,Doctor,5.5,3,34,87,6733,128,78,24.5,Normal,9.6,9.9,2.2,357,4,4,3,No,Frequent,10
P11414,Male,45,Engineer,5.7,4,41,82,7701,127,79,24.4,Normal,9.0,8.9,2.4,331,4,5,3,No,Occasional,9
P11415,Female,36,Manager,7.1,8,71,72,11587,115,71,23.7,Normal,7.4,4.0,2.7,161,8,8,6,No,None,4
P11416,Male,31,Software Engineer,6.9,7,61,74,11640,117,73,22.9,Normal,7.6,5.0,2.7,196,7,7,5,No,Occasional,5
P11417,Male,27,Nurse,8.2,9,80,70,14207,108,67,21.1,Normal,6.4,2.0,2.9,105,9,9,6,No,Occasional,2
P11418,Female,46,Software Engineer,6.0,4,43,84,7149,129,76,24.9,Normal,9.2,9.0,2.2,326,4,6,4,No,Frequent,9
P11419,Female,32,Lawyer,7.2,8,67,73,12314,115,71,22.8,Normal,7.4,3.9,2.8,160,8,8,6,No,Occasional,4
P11420,Male,34,Software Engineer,7.2,7,62,76,11250,118,72,22.9,Normal,7.9,4.9,2.8,203,7,7,6,No,Occasional,5
P11421,Male,32,Lawyer,7.7,9,73,70,12692,113,70,22.3,Normal,7.2,2.9,2.8,130,9,8,6,Yes,None,3
P11422,Male,29,Engineer,7.5,8,64,72,11404,115,71,22.9,Normal,7.3,4.1,2.8,174,8,7,6,Yes,None,4
P11423,Female,34,Scientist,6.9,6,57,76,10314,119,75,23.7,Normal,8.0,6.1,2.6,239,6,7,5,No,Occasional,6
P11424,Female,44,Doctor,6.5,6,53,79,8426,121,75,23.0,Normal,8.4,7.0,2.5,264,6,6,4,Yes,None,7
P11425,Male,41,Manager,6.1,4,44,81,8087,125,76,23.8,Normal,8.8,8.1,2.3,305,5,6,4,No,None,8
P11426,Male,29,Sales Representative,7.1,7,63,77,10693,114,73,22.6,Normal,7.9,5.0,2.6,196,7,8,5,Yes,Occasional,5
P11427,Male,41,Software Engineer,5.6,4,41,84,6967,125,78,24.5,Normal,9.1,8.9,2.3,333,5,5,3,No,Occasional,9
P11428,Female,40,Teacher,5.7,4,43,85,7513,128,78,24.0,Normal,9.4,8.8,2.2,329,4,5,3,Yes,Occasional,9
P11429,Male,40,Teacher,6.1,5,49,81,8223,124,75,24.5,Normal,8.7,7.9,2.5,295,5,5,4,No,None,8
P11430,Female,24,Teacher,8.4,10,81,67,14822,105,67,22.7,Normal,6.3,1.1,3.0,84,10,9,8,No,None,1
P11431,Male,33,Sales Representative,6.5,6,54,81,9243,122,75,24.6,Normal,8.1,7.0,2.4,260,6,6,5,No,Occasional,7
P11432,Male,43,Lawyer,5.4,3,31,86,6798,129,79,25.2,Overweight,9.8,9.9,2.3,365,4,4,3,Yes,None,10
P11433,Male,36,Software Engineer,6.7,6,56,76,10287,119,74,22.7,Normal,8.1,6.0,2.5,232,7,6,5,No,Frequent,6
P11434,Female,25,Engineer,7.9,9,79,67,14389,112,68,22.7,Normal,6.6,2.2,3.0,116,9,9,7,Yes,Occasional,2
P11435,Female,30,Software Engineer,7.5,7,67,74,12396,114,70,22.7,Normal,7.3,4.1,2.8,163,8,7,6,No,Frequent,4
P11436,Female,46,Manager,5.6,4,36,85,6795,127,78,24.1,Normal,9.4,9.9,2.3,357,4,4,3,No,Frequent,10
P11437,Male,37,Sales Representative,5.7,4,38,86,7237,126,78,24.3,Normal,9.4,9.1,2.3,324,4,5,3,No,Frequent,9
P11438,Female,32,Salesperson,7.5,8,67,69,11217,115,72,22.5,Normal,7.3,4.0,2.8,165,8,8,6,No,None,4
P11439,Female,41,Teacher,6.5,6,54,79,9269,122,74,23.3,Normal,8.4,6.9,2.6,257,6,6,4,Yes,Occasional,7
P11440,Male,36,Teacher,7.7,8,69,73,11784,115,70,21.7,Normal,7.6,3.9,2.8,168,8,7,6,No,Occasional,4
P11441,Male,27,Software Engineer,8.4,10,85,66,14197,109,68,22.3,Normal,6.1,1.0,3.0,76,9,9,8,No,Occasional,1
P11442,Male,21,Lawyer,7.8,8,71,71,12616,113,68,22.1,Normal,6.9,3.0,2.8,136,8,8,7,No,Occasional,3
P11443,Female,31,Manager,8.1,9,77,69,13466,110,70,22.3,Normal,6.8,2.0,2.9,104,9,9,7,No,None,2
P11444,Male,38,Teacher,5.7,4,41,86,7474,126,77,24.4,Normal,9.4,9.0,2.3,321,4,4,3,No,None,9
P11445,Female,29,Lawyer,7.8,8,73,72,12380,114,70,21.5,Normal,6.9,2.9,2.8,125,8,8,6,Yes,Occasional,3
P11446,Female,44,Nurse,5.7,4,41,84,7860,122,78,24.1,Normal,9.5,8.9,2.4,314,5,5,3,No,Frequent,9
P11447,Male,36,Engineer,6.1,4,46,82,7920,124,76,24.0,Normal,8.9,8.1,2.3,294,5,6,4,No,Occasional,8
P11448,Female,33,Software Engineer,6.9,6,53,77,9736,119,75,23.4,Normal,8.2,6.0,2.4,228,7,7,5,Yes,Occasional,6
P11449,Female,37,Software Engineer,5.8,4,42,84,7566,125,77,24.9,Normal,9.0,9.0,2.3,324,5,5,3,No,Occasional,9
P11450,Male,41,Scientist,6.4,6,52,80,9721,123,75,24.2,Normal,8.6,6.9,2.4,260,6,6,4,No,None,7
P11451,Male,37,Sales Representative,6.2,5,45,83,8090,124,77,24.3,Normal,8.9,7.9,2.5,292,5,6,4,No,Frequent,8
P11452,Female,28,Software Engineer,8.4,10,84,64,14660,106,69,21.3,Normal,6.2,1.0,3.0,71,10,9,7,No,Occasional,1
P11453,Male,36,Software Engineer,7.2,7,59,77,10951,115,73,23.3,Normal,7.6,5.1,2.6,205,8,7,5,No,Occasional,5
P11454,Male,41,Lawyer,6.5,6,52,79,9228,123,75,22.9,Normal,8.6,6.9,2.5,263,6,6,4,No,Occasional,7
P11455,Male,35,Engineer,6.5,6,58,81,10168,122,74,23.7,Normal,8.5,7.0,2.5,250,6,6,4,No,None,7
P11456,Female,37,Salesperson,5.9,4,44,83,6887,125,79,24.4,Normal,9.2,9.1,2.4,311,5,5,3,No,None,9
P11457,Male,45,Software Engineer,5.2,3,31,84,5745,129,77,25.5,Overweight,9.7,10.0,2.2,363,4,4,3,No,Frequent,10
P11458,Male,46,Engineer,5.3,3,35,86,6959,126,78,24.9,Normal,9.6,10.0,2.2,361,4,4,2,Yes,Occasional,10
P11459,Male,38,Salesperson,6.8,7,59,76,9991,122,74,23.5,Normal,8.2,6.0,2.5,224,7,6,5,Yes,None,6
P11460,Male,38,Scientist,6.4,6,52,81,8823,123,77,23.7,Normal,8.6,7.1,2.4,263,6,6,5,Yes,Frequent,7
P11461,Female,47,Teacher,6.2,6,49,76,9527,122,76,23.4,Normal,8.7,6.9,2.4,258,6,6,5,No,Occasional,7
P11462,Female,35,Engineer,5.7,4,39,84,7686,125,77,24.1,Normal,9.2,8.9,2.4,327,5,5,3,No,None,9
P11463,Male,29,Nurse,8.2,9,73,68,12812,111,70,21.5,Normal,6.4,1.9,2.9,108,9,9,6,No,Frequent,2
P11464,Female,34,Doctor,7.0,7,62,77,11158,120,71,22.9,Normal,7.8,5.0,2.7,200,7,7,5,No,None,5
P11465,Female,30,Software Engineer,8.3,10,80,66,14534,105,70,21.5,Normal,6.2,1.0,2.9,79,10,9,7,No,Occasional,1
P11466,Female,28,Engineer,8.5,10,85,68,14774,110,68,21.1,Normal,6.2,1.0,3.0,84,10,9,8,No,Occasional,1
P11467,Male,32,Nurse,7.6,9,68,70,12859,114,69,22.3,Normal,6.9,3.0,3.0,147,9,8,6,No,Occasional,3
P11468,Male,34,Manager,7.2,7,67,74,11277,116,74,23.3,Normal,7.6,5.1,2.5,202,7,7,6,No,Occasional,5
P11469,Male,41,Manager,6.0,5,47,83,7949,125,75,24.5,Normal,9.0,8.0,2.4,290,5,5,3,No,Occasional,8
P11470,Male,41,Doctor,6.4,6,51,79,9469,122,75,24.2,Normal,8.5,7.0,2.4,272,6,6,4,No,Occasional,7
P11471,Male,28,Salesperson,7.2,8,60,79,10725,118,73,22.5,Normal,7.7,5.0,2.7,194,8,7,5,Yes,None,5
P11472,Female,38,Scientist,6.5,6,61,79,10575,121,72,23.0,Normal,7.9,6.0,2.6,228,6,6,5,No,Occasional,6
P11473,Female,27,Salesperson,7.5,8,66,72,11881,114,72,21.9,Normal,7.4,3.9,2.8,178,8,7,6,No,Occasional,4
P11474,Female,44,Sales Representative,6.9,6,59,78,10425,122,75,23.6,Normal,8.4,6.1,2.8,231,7,6,4,No,Occasional,6
P11475,Female,28,Software Engineer,8.5,10,80,65,14946,106,66,20.7,Normal,6.3,1.0,3.0,85,10,9,8,No,None,1
P11476,Male,27,Doctor,8.3,10,82,65,13483,108,66,20.9,Normal,6.3,1.0,2.9,67,10,9,7,Yes,Occasional,1
P11477,Female,34,Lawyer,7.0,7,58,74,10710,114,74,22.9,Normal,7.7,5.1,2.6,199,7,7,5,No,None,5
P11478,Male,25,Software Engineer,8.0,9,79,71,13571,110,70,21.5,Normal,6.5,2.1,3.1,108,9,8,7,No,None,2
P11479,Male,31,Lawyer,7.7,8,75,71,12481,114,68,22.8,Normal,6.9,3.0,2.9,135,8,8,6,No,Occasional,3
P11480,Female,32,Teacher,6.5,6,53,80,9589,120,76,24.9,Normal,8.4,7.0,2.4,269,6,6,4,No,Occasional,7
P11481,Female,28,Teacher,7.7,9,73,71,12744,113,72,22.7,Normal,6.8,3.1,2.9,140,8,9,6,No,None,3
P11482,Female,31,Nurse,6.2,6,50,79,9551,121,75,24.5,Normal,8.6,7.0,2.4,268,6,6,4,No,Occasional,7
P11483,Male,27,Nurse,8.3,10,86,65,13368,106,65,21.9,Normal,6.3,1.0,3.0,73,10,10,7,No,Occasional,1
P11484,Male,41,Scientist,5.5,3,41,85,6718,130,79,23.9,Normal,9.7,10.0,2.3,355,4,4,3,No,None,10
P11485,Male,29,Software Engineer,8.3,10,83,65,14025,111,67,21.3,Normal,6.1,1.0,3.1,72,10,9,7,No,None,1
P11486,Male,39,Manager,5.5,4,33,86,6399,129,77,25.0,Overweight,9.5,10.0,2.2,352,4,4,3,Yes,Frequent,10
P11487,Female,36,Software Engineer,6.6,6,54,79,9526,121,74,24.5,Normal,8.4,6.9,2.5,267,6,6,4,No,Occasional,7
P11488,Female,32,Lawyer,6.3,5,54,79,9146,120,77,25.2,Overweight,8.3,7.0,2.6,265,6,6,5,Yes,Occasional,7
P11489,Male,31,Nurse,8.2,9,76,66,13577,107,69,21.7,Normal,6.9,2.0,2.7,119,9,9,7,No,None,2
P11490,Female,34,Doctor,7.2,7,60,74,11127,114,73,23.1,Normal,7.5,5.0,2.7,206,7,7,5,No,Occasional,5
P11491,Female,38,Teacher,6.9,6,60,77,10413,119,73,23.2,Normal,7.9,5.8,2.5,239,6,6,5,No,Occasional,6
P11492,Male,42,Teacher,6.2,5,44,82,7802,121,76,24.0,Normal,8.6,8.0,2.3,300,5,5,4,No,Occasional,8
P11493,Male,43,Manager,5.3,3,33,87,5893,129,78,24.9,Normal,9.6,10.0,2.1,350,4,5,3,No,None,10
P11494,Male,40,Doctor,5.9,4,42,84,6987,126,76,24.0,Normal,9.1,9.0,2.3,314,5,5,3,No,None,9
P11495,Male,30,Scientist,8.0,8,69,71,13028,114,70,21.9,Normal,7.1,3.1,2.8,132,8,8,6,No,None,3
P11496,Male,29,Manager,8.3,9,77,69,13417,108,69,22.1,Normal,6.3,2.0,2.9,103,9,9,7,No,Occasional,2
P11497,Female,39,Sales Representative,6.9,6,54,78,9737,119,73,23.3,Normal,8.2,6.1,2.5,217,7,6,5,No,Frequent,6
P11498,Male,24,Nurse,8.3,10,86,67,13661,107,69,20.3,Normal,6.0,1.0,3.1,80,10,9,7,No,None,1
P11499,Female,38,Salesperson,7.0,6,55,78,9733,118,73,22.7,Normal,7.9,6.1,2.6,234,7,7,5,No,None,6
P11500,Male,31,Doctor,6.7,6,60,74,10001,117,74,22.5,Normal,8.0,6.0,2.7,233,6,6,5,No,Frequent,6
P11501,Female,29,Nurse,8.5,10,84,66,14434,106,70,21.7,Normal,6.1,1.0,3.0,72,10,9,8,No,Occasional,1
P11502,Female,32,Sales Representative,7.7,9,75,71,12157,114,69,22.3,Normal,6.9,3.0,2.8,131,9,9,6,No,None,3
P11503,Female,29,Lawyer,8.1,9,75,69,13810,109,70,21.9,Normal,6.4,1.9,2.9,115,9,9,7,No,None,2
P11504,Female,36,Sales Representative,7.5,7,70,74,12053,114,71,22.5,Normal,7.2,4.0,2.7,160,8,7,6,No,None,4
P11505,Male,43,Engineer,5.7,4,41,83,7681,124,77,24.3,Normal,9.3,8.9,2.2,324,5,5,4,No,Frequent,9
P11506,Male,27,Scientist,7.9,8,76,70,12169,114,69,22.5,Normal,6.8,3.0,2.9,142,9,8,6,No,Occasional,3
P11507,Female,28,Manager,8.4,10,86,67,14052,109,70,20.6,Normal,6.3,1.1,3.0,88,10,10,7,Yes,Occasional,1
P11508,Female,36,Sales Representative,6.1,5,41,82,8426,125,74,24.1,Normal,8.6,8.1,2.3,279,5,5,4,No,None,8
P11509,Female,29,Nurse,7.5,8,67,75,12257,113,72,22.8,Normal,7.3,4.0,2.7,167,8,7,6,No,Occasional,4
P11510,Male,30,Nurse,7.1,7,58,75,10182,116,73,23.0,Normal,7.7,4.9,2.6,196,7,7,5,No,None,5
P11511,Female,33,Software Engineer,7.1,7,59,74,10441,116,72,23.0,Normal,7.6,4.9,2.7,196,7,7,5,No,Frequent,5
P11512,Male,30,Teacher,7.8,9,76,70,13187,113,70,22.4,Normal,6.8,3.1,2.8,144,9,8,6,No,None,3
P11513,Female,40,Salesperson,6.0,5,42,81,7502,122,77,23.2,Normal,8.9,8.0,2.4,300,5,5,4,No,Occasional,8
P11514,Male,44,Salesperson,6.0,5,47,81,8214,124,73,23.5,Normal,9.0,7.9,2.3,294,5,5,4,No,Occasional,8
P11515,Male,32,Scientist,6.7,6,61,76,10061,120,74,23.2,Normal,7.9,6.0,2.6,223,7,7,5,Yes,Occasional,6
P11516,Male,41,Salesperson,6.1,5,48,82,8832,124,75,23.3,Normal,8.8,8.0,2.4,297,6,5,4,Yes,Frequent,8
P11517,Female,28,Teacher,7.9,8,70,69,12577,113,71,22.0,Normal,7.3,2.9,3.0,147,8,8,6,No,Frequent,3
P11518,Male,27,Teacher,8.2,10,84,68,15095,112,69,20.6,Normal,5.9,1.0,3.1,73,10,9,7,No,None,1
P11519,Male,29,Salesperson,8.5,10,84,67,14473,110,68,21.5,Normal,6.4,1.1,3.1,83,10,9,7,No,None,1
P11520,Male,42,Salesperson,6.1,4,42,81,8306,127,77,24.9,Normal,9.1,7.9,2.5,299,5,5,4,No,Frequent,8
P11521,Female,36,Software Engineer,6.6,6,61,77,9941,120,74,24.8,Normal,8.5,6.0,2.4,230,6,7,5,No,None,6
P11522,Female,36,Doctor,5.8,4,46,82,7032,126,76,24.6,Normal,9.3,8.9,2.3,326,5,5,3,No,None,9
P11523,Male,29,Scientist,7.6,8,71,73,12271,115,74,22.2,Normal,7.3,4.1,2.8,170,8,7,6,No,Frequent,4
P11524,Female,40,Scientist,7.3,7,69,75,11273,117,71,22.5,Normal,7.8,5.1,2.7,208,7,7,5,No,None,5
P11525,Female,36,Engineer,7.1,7,62,74,10658,119,72,23.2,Normal,7.5,5.0,2.6,213,7,7,5,No,Occasional,5
P11526,Male,30,Sales Representative,7.9,8,75,72,12883,115,69,21.6,Normal,6.9,2.8,2.9,133,8,8,7,No,None,3
P11527,Female,39,Software Engineer,6.2,5,48,83,8399,122,78,23.1,Normal,8.7,8.1,2.3,292,5,5,4,No,None,8
P11528,Female,42,Teacher,5.7,4,38,84,7795,124,77,23.5,Normal,9.3,9.0,2.3,333,4,5,3,No,Frequent,9
P11529,Male,30,Doctor,8.1,9,76,69,13495,111,70,22.5,Normal,6.6,1.9,3.0,118,9,9,6,No,Occasional,2
P11530,Male,37,Teacher,6.4,5,52,80,9379,120,74,23.6,Normal,8.6,6.9,2.5,256,6,6,4,No,Occasional,7
P11531,Female,41,Teacher,7.0,7,67,74,10983,119,71,23.3,Normal,7.7,5.0,2.6,202,7,7,5,No,Frequent,5
P11532,Male,24,Manager,8.5,10,85,67,14372,106,68,21.7,Normal,6.2,1.1,3.0,73,10,9,7,No,Occasional,1
P11533,Male,38,Lawyer,5.8,5,42,81,8296,125,75,23.7,Normal,8.8,8.1,2.4,300,5,5,4,No,Frequent,8
P11534,Male,32,Lawyer,7.8,9,69,72,12665,110,70,21.4,Normal,6.9,2.9,2.8,139,9,8,6,No,None,3
P11535,Female,31,Doctor,7.8,9,70,70,13305,111,69,22.5,Normal,6.8,3.0,2.9,141,9,8,6,No,None,3
P11536,Female,40,Sales Representative,5.7,4,41,84,7477,125,75,24.4,Normal,9.5,9.0,2.2,335,4,5,3,No,Frequent,9
P11537,Male,38,Lawyer,6.5,5,57,79,9453,124,74,23.5,Normal,8.0,6.8,2.5,259,6,6,4,No,Occasional,7
P11538,Male,35,Salesperson,7.4,7,59,78,11407,119,70,22.5,Normal,7.9,5.0,2.7,194,7,7,5,No,None,5
P11539,Female,38,Lawyer,6.8,6,55,76,9205,121,74,23.7,Normal,8.2,6.0,2.5,218,6,6,5,No,None,6
P11540,Female,32,Software Engineer,6.8,6,57,78,9875,119,73,23.0,Normal,8.3,6.0,2.5,228,7,7,5,No,Frequent,6
P11541,Female,31,Engineer,7.9,9,74,71,13686,111,70,22.6,Normal,6.9,2.9,2.9,148,8,8,6,No,None,3
P11542,Male,41,Scientist,6.2,5,49,80,8090,125,76,23.4,Normal,8.9,7.9,2.4,297,5,5,5,No,Frequent,8
P11543,Male,31,Lawyer,7.9,9,76,68,12671,114,71,22.3,Normal,6.9,3.0,2.9,134,9,8,6,No,Occasional,3
P11544,Female,41,Nurse,6.1,5,42,81,8364,121,75,23.9,Normal,8.6,8.1,2.5,305,5,6,4,No,Frequent,8
P11545,Male,29,Scientist,8.2,9,77,68,14382,112,67,21.5,Normal,6.8,2.1,3.1,111,9,8,7,No,None,2
P11546,Male,37,Software Engineer,6.8,6,56,77,10612,118,74,23.3,Normal,8.2,6.2,2.5,238,7,6,5,No,None,6
P11547,Male,29,Engineer,8.0,8,76,69,12938,110,71,22.4,Normal,7.0,3.0,2.8,126,8,9,6,No,None,3
P11548,Male,47,Engineer,5.4,3,40,85,6564,127,80,25.2,Overweight,9.4,10.0,2.3,368,4,4,3,No,Frequent,10
P11549,Male,39,Sales Representative,7.1,7,61,76,10822,118,74,22.8,Normal,7.7,5.0,2.5,189,7,7,5,No,Occasional,5
P11550,Male,30,Doctor,7.6,8,64,71,11640,111,72,22.6,Normal,6.9,3.8,2.7,171,8,7,6,No,None,4
P11551,Male,39,Nurse,6.1,5,47,79,8446,124,74,24.9,Normal,8.6,7.9,2.3,299,5,5,3,No,Occasional,8
P11552,Female,28,Engineer,8.4,10,83,64,14091,108,67,21.4,Normal,6.0,1.0,2.9,63,10,9,7,No,Frequent,1
P11553,Male,33,Sales Representative,8.6,10,87,67,14528,108,68,21.3,Normal,6.4,1.0,3.1,78,10,9,8,No,Occasional,1
P11554,Female,30,Scientist,8.2,10,81,69,14267,113,71,22.3,Normal,6.3,2.1,3.0,108,9,9,7,No,Occasional,2
P11555,Male,26,Salesperson,8.3,10,86,68,14232,109,67,20.6,Normal,6.0,1.0,3.0,78,10,9,7,No,None,1
P11556,Female,25,Scientist,7.8,8,68,70,13718,113,69,22.3,Normal,7.1,3.1,2.6,148,9,8,6,No,None,3
P11557,Female,26,Salesperson,8.4,10,87,65,13865,107,67,21.5,Normal,6.1,1.0,3.0,78,10,9,7,No,Occasional,1
P11558,Male,25,Engineer,8.6,10,82,66,13737,107,67,21.9,Normal,6.2,1.0,2.9,58,10,9,7,Yes,Occasional,1
P11559,Female,42,Software Engineer,5.4,3,34,86,6348,130,79,24.8,Normal,9.4,10.0,2.3,365,4,4,3,No,Occasional,10
P11560,Male,42,Lawyer,6.6,5,56,79,9352,123,75,23.5,Normal,8.6,7.0,2.5,258,5,6,4,Yes,None,7
P11561,Female,32,Software Engineer,7.4,8,66,73,12039,115,72,22.1,Normal,7.3,4.0,2.7,160,8,7,6,No,None,4
P11562,Male,38,Nurse,6.3,5,51,77,9363,124,74,23.8,Normal,8.7,7.1,2.4,274,6,5,5,No,Occasional,7
P11563,Male,35,Nurse,7.3,8,71,73,12676,112,72,22.0,Normal,7.4,4.0,2.8,170,8,7,6,No,None,4
P11564,Male,34,Scientist,7.6,8,79,70,12993,112,70,21.6,Normal,7.1,3.0,3.0,119,9,8,6,No,None,3
P11565,Female,44,Sales Representative,5.3,3,40,86,6580,126,80,25.3,Overweight,9.9,9.9,2.2,361,4,4,3,No,Occasional,10
P11566,Female,45,Manager,5.3,3,39,86,6362,128,79,25.1,Overweight,9.6,9.8,2.1,351,4,4,3,No,Occasional,10
P11567,Female,36,Scientist,7.2,7,67,77,10203,114,72,22.8,Normal,8.0,5.0,2.7,191,7,7,6,No,Occasional,5
P11568,Female,38,Teacher,6.1,5,48,82,8281,124,75,24.7,Normal,8.5,7.9,2.4,305,6,5,4,No,Frequent,8
P11569,Female,36,Teacher,7.4,8,66,72,12264,116,73,22.6,Normal,7.3,4.0,2.9,164,8,7,6,Yes,None,4
P11570,Female,28,Sales Representative,8.6,10,81,68,14192,106,69,20.9,Normal,6.4,1.1,2.9,76,10,9,8,No,Occasional,1
P11571,Male,34,Lawyer,7.0,7,62,74,10860,116,73,24.0,Normal,7.7,4.9,2.5,200,7,7,6,No,Occasional,5
P11572,Male,29,Software Engineer,7.5,9,73,71,11286,115,68,22.4,Normal,7.0,3.1,2.9,151,8,8,6,No,None,3
P11573,Male,26,Manager,7.5,8,67,73,12039,113,70,22.7,Normal,7.5,3.9,2.8,165,8,8,6,No,None,4
P11574,Female,30,Nurse,7.7,8,71,71,12550,111,69,21.5,Normal,6.7,3.1,2.9,146,9,8,6,No,Occasional,3
P11575,Male,43,Nurse,5.5,3,32,87,7269,129,76,24.5,Normal,9.5,10.0,2.3,368,4,4,3,No,None,10
P11576,Male,34,Manager,6.9,7,64,75,10901,117,70,23.1,Normal,7.5,4.9,2.8,190,7,7,6,No,Frequent,5
P11577,Female,28,Teacher,8.0,9,74,69,13960,112,70,21.7,Normal,6.5,1.8,3.1,112,9,9,7,No,Occasional,2
P11578,Female,33,Nurse,6.0,5,47,83,8614,123,76,24.6,Normal,8.5,8.0,2.3,295,5,5,4,No,Occasional,8
P11579,Female,38,Engineer,7.3,8,67,73,11864,118,71,22.8,Normal,7.5,3.9,2.7,164,8,7,6,No,None,4
P11580,Male,32,Software Engineer,7.6,8,68,73,11345,116,73,22.2,Normal,7.4,3.9,3.0,178,8,7,6,No,Occasional,4
P11581,Male,42,Engineer,5.4,3,41,86,6224,127,79,25.2,Overweight,9.8,10.0,2.2,346,4,4,3,Yes,Occasional,10
P11582,Male,41,Lawyer,5.8,4,41,85,7331,125,75,24.1,Normal,9.5,9.0,2.4,309,5,5,3,No,Frequent,9
P11583,Female,37,Sales Representative,6.9,6,57,78,10090,118,74,24.3,Normal,8.0,5.9,2.4,231,7,6,5,No,None,6
P11584,Male,30,Sales Representative,8.3,10,80,64,14637,106,66,21.2,Normal,6.1,1.0,3.1,72,9,9,7,No,None,1
P11585,Female,31,Nurse,7.8,9,70,71,12784,112,71,21.8,Normal,6.9,2.9,2.9,147,9,8,6,No,None,3
P11586,Female,43,Salesperson,5.8,4,38,84,6783,126,77,24.3,Normal,9.0,9.0,2.3,332,5,4,3,No,Occasional,9
P11587,Male,45,Lawyer,5.6,3,38,86,6082,130,78,24.5,Normal,9.5,10.0,2.3,364,4,5,3,No,None,10
P11588,Male,43,Doctor,6.1,5,50,81,8748,127,78,23.8,Normal,9.0,8.0,2.4,285,5,5,3,No,Occasional,8
P11589,Male,39,Sales Representative,6.0,5,47,81,7773,124,75,23.5,Normal,9.0,8.0,2.4,296,5,6,4,No,Frequent,8
P11590,Female,42,Lawyer,5.7,4,40,84,7367,126,76,24.5,Normal,9.3,9.0,2.3,318,5,5,3,No,Frequent,9
P11591,Male,32,Salesperson,7.8,9,71,71,12492,113,71,22.1,Normal,7.0,3.0,2.8,150,9,8,7,No,None,3
P11592,Male,38,Doctor,6.1,5,43,81,9432,126,77,24.5,Normal,8.8,8.0,2.3,279,5,6,3,Yes,Occasional,8
P11593,Female,36,Manager,7.7,8,70,70,12755,115,69,21.6,Normal,7.0,3.1,2.8,131,9,8,6,No,Frequent,3
P11594,Male,38,Sales Representative,5.4,3,35,86,6533,128,77,24.6,Normal,9.6,10.0,2.3,346,4,4,3,No,Frequent,10
P11595,Male,32,Teacher,8.6,10,85,65,14333,108,66,22.1,Normal,6.1,1.0,3.2,81,10,9,7,No,Occasional,1
P11596,Female,25,Manager,7.3,8,74,75,12604,116,71,22.6,Normal,7.5,4.1,2.9,169,8,8,6,No,None,4
P11597,Male,23,Doctor,8.3,10,82,66,15207,108,68,21.1,Normal,6.0,1.0,2.9,91,10,9,7,No,Occasional,1
P11598,Male,30,Scientist,7.4,8,71,72,11859,114,72,21.7,Normal,7.3,4.0,2.7,171,8,7,6,Yes,Occasional,4
P11599,Female,42,Scientist,5.6,4,43,84,7472,126,78,23.9,Normal,9.3,9.0,2.2,305,5,5,4,Yes,Frequent,9
P11600,Female,43,Software Engineer,5.8,4,46,83,7651,126,77,24.1,Normal,9.3,8.9,2.3,334,4,5,4,No,None,9
P11601,Male,30,Scientist,8.0,9,71,70,12589,111,71,22.0,Normal,7.1,2.9,2.8,146,9,8,6,No,None,3
P11602,Male,32,Manager,7.3,7,65,73,11110,113,73,22.3,Normal,7.4,4.0,2.7,178,8,7,6,No,Occasional,4
P11603,Female,27,Scientist,8.4,9,74,68,13460,112,70,21.1,Normal,6.3,2.0,2.8,106,9,8,7,No,None,2
P11604,Female,28,Salesperson,8.5,10,82,65,14947,105,69,20.9,Normal,6.1,1.0,3.2,74,10,9,8,No,None,1
P11605,Male,30,Scientist,8.0,9,71,69,13595,109,71,21.5,Normal,6.5,2.1,3.0,111,9,9,7,No,Occasional,2
P11606,Male,39,Software Engineer,6.2,5,45,81,8374,126,75,24.4,Normal,8.9,8.1,2.4,292,5,6,4,No,None,8
P11607,Male,38,Nurse,6.1,5,46,83,8676,124,78,24.0,Normal,8.8,8.1,2.3,287,5,6,4,No,Occasional,8
P11608,Male,38,Salesperson,6.1,5,48,82,8804,127,75,23.6,Normal,8.7,8.1,2.4,296,5,5,4,No,None,8
P11609,Male,36,Salesperson,6.2,5,47,82,8744,123,75,24.9,Normal,8.8,8.0,2.4,281,6,5,3,No,Occasional,8
P11610,Female,28,Nurse,7.6,8,74,71,13239,113,70,22.5,Normal,6.8,3.1,2.7,132,8,8,6,No,Occasional,3
P11611,Female,29,Salesperson,8.2,9,79,69,13990,110,68,22.4,Normal,6.6,2.0,3.0,105,9,8,7,No,Occasional,2
P11612,Female,44,Salesperson,5.4,3,41,85,7020,127,80,24.6,Normal,9.5,10.0,2.4,360,4,4,3,No,None,10
P11613,Male,39,Nurse,6.8,7,57,79,9800,121,73,23.3,Normal,7.8,6.0,2.5,233,7,6,5,Yes,Frequent,6
P11614,Female,29,Lawyer,7.8,8,78,69,12775,113,70,22.0,Normal,6.9,2.9,2.8,130,9,8,6,Yes,None,3
P11615,Male,35,Doctor,7.5,8,68,72,11831,119,70,21.8,Normal,7.2,4.0,2.7,170,8,8,6,No,Occasional,4
P11616,Male,35,Teacher,8.1,9,75,67,13821,112,70,21.7,Normal,6.5,2.0,3.0,98,9,9,7,No,None,2
P11617,Male,40,Sales Representative,5.9,5,49,83,8055,124,75,24.0,Normal,8.8,8.0,2.4,294,5,5,4,No,Occasional,8
P11618,Male,36,Software Engineer,7.0,7,63,76,11283,118,71,22.1,Normal,7.6,4.9,2.8,208,7,7,6,No,None,5
P11619,Male,38,Nurse,6.7,6,57,78,10112,119,74,23.3,Normal,8.0,6.1,2.6,234,7,7,5,No,Occasional,6
P11620,Female,45,Doctor,5.7,4,41,83,6854,128,78,24.2,Normal,9.6,8.9,2.3,321,5,5,4,No,Occasional,9
P11621,Female,30,Sales Representative,7.9,8,74,70,12674,112,67,22.1,Normal,6.8,3.0,2.9,138,9,8,6,No,None,3
P11622,Male,34,Sales Representative,6.6,6,59,78,10241,119,72,22.2,Normal,8.1,6.0,2.6,231,6,6,5,No,None,6
P11623,Female,48,Manager,5.4,3,33,86,6318,125,77,25.5,Overweight,9.5,10.0,2.2,355,4,5,3,Yes,None,10
P11624,Male,38,Software Engineer,6.8,6,56,76,9585,122,75,24.0,Normal,8.1,6.0,2.5,228,7,7,5,No,Frequent,6
P11625,Male,39,Doctor,6.5,6,53,79,8810,123,74,23.3,Normal,8.5,6.9,2.5,244,6,6,4,No,None,7
P11626,Male,36,Manager,7.4,7,66,78,10960,118,73,22.3,Normal,8.1,5.0,2.8,207,7,6,6,Yes,Occasional,5
P11627,Male,26,Nurse,7.3,6,60,77,10350,117,72,22.9,Normal,7.5,4.9,2.7,200,7,7,5,Yes,Occasional,5
P11628,Female,33,Teacher,7.2,7,60,74,11005,117,75,22.4,Normal,7.8,5.0,2.8,203,7,7,5,No,Occasional,5
P11629,Male,36,Teacher,6.1,5,48,83,8835,126,76,24.7,Normal,8.7,7.9,2.4,286,5,5,4,No,Occasional,8
P11630,Female,39,Scientist,7.4,7,62,75,11167,118,72,23.6,Normal,8.0,5.1,2.6,191,7,7,6,No,Frequent,5
P11631,Female,38,Lawyer,5.4,3,36,86,7146,128,77,25.1,Overweight,9.7,10.0,2.1,356,4,4,3,No,Frequent,10
P11632,Female,42,Salesperson,5.8,4,40,84,8184,127,77,24.8,Normal,9.3,8.9,2.2,324,5,5,3,No,None,9
P11633,Male,41,Nurse,6.0,4,51,82,7882,123,76,24.6,Normal,8.8,7.9,2.3,278,5,6,4,No,Occasional,8
P11634,Male,31,Scientist,6.9,6,54,77,9756,119,74,22.9,Normal,8.4,5.8,2.5,223,6,6,5,No,Occasional,6
P11635,Female,40,Manager,6.5,5,56,81,8397,124,74,23.1,Normal,8.4,7.0,2.5,257,6,6,4,No,Occasional,7
P11636,Male,36,Software Engineer,7.2,7,63,76,11059,116,74,23.6,Normal,7.9,5.1,2.6,201,7,7,6,No,None,5
P11637,Male,30,Lawyer,8.1,9,77,68,13564,110,68,21.7,Normal,6.5,2.0,2.8,112,9,9,7,No,Occasional,2
P11638,Female,25,Salesperson,8.5,10,83,69,14446,106,67,21.2,Normal,6.1,1.0,3.0,69,10,9,7,No,Occasional,1
P11639,Male,25,Salesperson,8.3,10,85,64,14623,106,68,21.3,Normal,6.4,1.0,3.1,58,10,9,7,No,Occasional,1
P11640,Male,36,Sales Representative,7.1,7,68,76,11473,118,73,22.8,Normal,7.9,5.0,2.7,201,7,7,5,No,None,5
P11641,Female,31,Teacher,6.4,5,48,78,9337,120,74,24.2,Normal,8.4,6.9,2.4,250,6,6,4,Yes,Frequent,7
P11642,Male,22,Software Engineer,8.4,10,80,64,14364,108,68,21.8,Normal,6.3,1.0,3.0,88,10,9,7,No,None,1
P11643,Male,34,Salesperson,8.1,9,73,70,12967,111,71,22.0,Normal,6.7,2.0,3.0,95,9,8,7,No,Occasional,2
P11644,Male,40,Scientist,5.7,4,39,83,6723,125,78,24.6,Normal,9.1,9.0,2.3,319,4,5,3,No,None,9
P11645,Male,30,Lawyer,8.0,9,77,68,14061,106,70,22.3,Normal,6.3,2.1,2.8,99,9,9,7,No,None,2
P11646,Male,31,Nurse,7.5,8,74,73,11787,115,72,23.0,Normal,7.3,3.9,2.8,163,8,8,6,No,Occasional,4
P11647,Male,44,Doctor,5.7,4,42,83,6948,129,77,23.9,Normal,9.5,8.9,2.5,314,4,5,3,Yes,Frequent,9
P11648,Male,42,Nurse,5.9,4,41,86,7299,128,79,24.4,Normal,9.3,9.0,2.3,321,5,5,3,No,None,9
P11649,Female,40,Manager,7.1,7,57,77,9992,114,71,23.0,Normal,7.6,5.1,2.6,207,7,8,5,No,None,5
P11650,Male,39,Doctor,6.1,5,47,82,8586,125,77,23.7,Normal,9.0,7.9,2.3,296,6,6,4,No,Occasional,8
P11651,Female,35,Manager,5.8,5,47,81,7936,123,75,24.4,Normal,8.7,7.9,2.4,297,5,5,4,No,Occasional,8
P11652,Female,29,Teacher,8.0,9,80,69,13752,110,70,21.8,Normal,7.0,2.0,2.9,111,9,9,6,No,Occasional,2
P11653,Male,30,Salesperson,8.3,10,78,68,14202,107,68,20.9,Normal,5.8,1.0,2.9,68,10,9,7,No,Frequent,1
P11654,Female,40,Teacher,6.9,6,54,77,9529,118,73,23.2,Normal,8.1,6.1,2.6,228,7,6,5,No,Occasional,6
P11655,Female,31,Engineer,7.8,8,77,71,13205,112,71,22.2,Normal,7.0,2.9,2.9,145,8,8,6,Yes,Occasional,3
P11656,Female,34,Nurse,7.6,8,71,74,11668,113,68,22.7,Normal,7.4,3.9,2.8,159,8,8,5,No,None,4
P11657,Male,43,Salesperson,6.5,5,51,79,8703,123,77,24.0,Normal,8.7,7.0,2.6,266,6,6,4,No,Occasional,7
P11658,Female,32,Doctor,7.4,7,69,73,12338,117,71,22.8,Normal,7.2,3.9,2.8,165,8,7,6,Yes,Occasional,4
P11659,Male,39,Nurse,6.3,5,52,78,9610,122,78,23.5,Normal,8.3,7.0,2.4,285,6,6,5,No,None,7
P11660,Male,47,Manager,5.3,3,35,87,6956,129,75,24.9,Normal,9.7,10.0,2.0,347,4,4,3,No,None,10
P11661,Female,39,Engineer,6.2,5,41,80,7845,123,74,24.8,Normal,8.9,8.0,2.4,293,6,6,4,No,Frequent,8
P11662,Male,43,Sales Representative,6.5,6,53,77,9888,118,74,23.2,Normal,8.0,6.1,2.5,235,6,6,5,Yes,None,6
P11663,Female,44,Scientist,5.4,3,39,88,5992,127,78,24.8,Normal,9.4,9.9,2.1,371,4,4,3,Yes,Occasional,10
P11664,Female,39,Doctor,6.7,6,55,78,10273,122,74,23.6,Normal,8.1,6.0,2.6,224,6,6,5,No,Occasional,6
P11665,Male,30,Teacher,6.9,6,52,78,9681,117,72,23.1,Normal,8.0,6.0,2.4,218,6,7,5,No,Occasional,6
P11666,Female,40,Engineer,7.1,7,66,77,10661,118,74,22.5,Normal,7.7,4.9,2.5,200,7,7,5,Yes,Occasional,5
P11667,Male,43,Scientist,6.9,6,62,80,10991,119,73,23.1,Normal,8.1,6.1,2.6,224,6,6,5,No,Occasional,6
P11668,Male,40,Teacher,6.3,5,50,81,8327,124,75,24.0,Normal,8.9,8.0,2.3,302,5,5,4,Yes,Occasional,8
P11669,Male,34,Doctor,7.0,7,59,73,10856,114,70,22.8,Normal,7.5,5.0,2.6,199,7,7,6,No,Occasional,5
P11670,Female,31,Manager,6.7,6,59,77,10650,119,73,23.9,Normal,8.1,6.0,2.6,224,6,7,5,No,Occasional,6
P11671,Male,49,Sales Representative,5.6,4,41,84,7585,125,75,24.5,Normal,9.2,9.1,2.4,319,5,5,3,No,Occasional,9
P11672,Male,32,Sales Representative,7.0,7,61,76,11597,118,72,22.8,Normal,7.8,5.2,2.8,193,7,7,5,No,None,5
P11673,Female,30,Salesperson,7.6,8,70,73,11905,114,72,22.4,Normal,7.5,3.9,2.8,185,8,7,6,No,Occasional,4
P11674,Female,32,Nurse,6.4,6,50,81,8750,120,75,23.9,Normal,8.2,7.0,2.6,266,6,6,4,No,None,7
P11675,Male,37,Scientist,6.5,5,46,80,8188,125,76,24.6,Normal,8.7,7.9,2.4,297,5,6,4,Yes,Frequent,8
P11676,Male,38,Lawyer,6.6,6,46,76,9871,120,73,23.7,Normal,8.2,7.0,2.3,274,6,6,4,No,Occasional,7
P11677,Female,30,Nurse,7.0,7,60,73,10301,115,71,22.3,Normal,7.8,5.0,2.7,198,7,7,6,No,None,5
P11678,Female,35,Lawyer,7.5,8,71,75,12052,115,72,22.7,Normal,7.4,4.0,2.8,183,8,8,6,Yes,Occasional,4
P11679,Male,34,Salesperson,6.7,6,62,79,9938,116,73,22.9,Normal,8.0,6.1,2.5,234,6,6,5,No,None,6
P11680,Female,28,Engineer,8.4,9,80,70,14014,109,68,21.8,Normal,6.8,2.1,3.1,127,9,9,7,Yes,None,2
P11681,Male,29,Engineer,7.6,8,69,75,11614,117,69,22.7,Normal,7.3,3.9,2.7,168,8,8,6,No,Occasional,4
P11682,Female,29,Salesperson,7.3,8,66,72,12217,115,72,22.9,Normal,7.3,4.1,2.7,171,8,8,6,No,Occasional,4
P11683,Male,35,Nurse,6.8,7,62,75,11021,114,75,22.4,Normal,7.6,5.0,2.5,206,7,7,5,No,Occasional,5
P11684,Male,38,Nurse,5.8,4,41,83,7048,126,75,25.1,Overweight,9.3,9.1,2.2,313,4,5,3,No,Frequent,9
P11685,Female,36,Salesperson,6.8,7,56,80,10354,118,73,23.4,Normal,8.0,6.0,2.6,240,6,6,5,No,None,6
P11686,Female,32,Teacher,7.6,8,73,70,12688,114,71,22.7,Normal,7.2,3.0,2.7,128,9,8,6,No,None,3
P11687,Female,42,Lawyer,5.4,3,40,86,6630,130,78,24.9,Normal,9.4,10.0,2.2,352,4,4,3,No,None,10
P11688,Female,41,Lawyer,6.8,6,57,80,9642,120,72,22.2,Normal,7.9,6.0,2.5,227,7,6,5,No,Occasional,6
P11689,Male,34,Scientist,7.5,8,64,74,11270,114,70,21.9,Normal,7.5,4.0,2.8,167,8,7,6,No,Occasional,4
P11690,Female,27,Lawyer,8.5,10,86,67,14090,109,70,22.2,Normal,6.3,1.0,3.1,76,10,9,7,No,None,1
P11691,Male,36,Sales Representative,6.0,5,55,81,8483,125,75,23.5,Normal,8.9,8.0,2.5,283,5,5,4,No,None,8
P11692,Male,36,Doctor,6.8,6,56,78,10018,121,73,23.7,Normal,7.9,6.1,2.5,227,6,6,5,No,Frequent,6
P11693,Male,44,Manager,5.4,3,38,86,6620,128,79,25.9,Overweight,9.6,10.0,2.3,352,4,5,3,No,Occasional,10
P11694,Male,29,Software Engineer,8.0,9,81,66,13064,109,69,22.4,Normal,6.7,2.0,2.9,109,9,9,7,No,Occasional,2
P11695,Male,41,Scientist,5.9,4,46,84,7232,125,78,24.3,Normal,9.1,9.0,2.2,334,5,5,4,No,Occasional,9
P11696,Male,37,Manager,6.0,5,43,81,8071,121,74,23.1,Normal,8.9,7.8,2.4,293,5,5,4,No,Occasional,8
P11697,Female,45,Lawyer,5.4,3,38,87,7003,125,78,26.0,Overweight,9.7,9.9,2.3,353,4,4,3,Yes,Occasional,10
P11698,Male,35,Salesperson,6.8,6,60,76,10149,119,74,23.2,Normal,8.1,6.0,2.6,225,7,7,5,Yes,Occasional,6
P11699,Male,40,Teacher,5.4,3,36,86,6783,127,79,25.2,Overweight,9.6,10.0,2.1,351,4,4,3,Yes,Occasional,10
P11700,Female,35,Scientist,6.4,6,46,78,9313,120,73,22.4,Normal,8.5,7.0,2.3,253,6,6,4,No,Frequent,7
P11701,Male,33,Nurse,7.4,8,69,73,11145,114,73,22.4,Normal,7.2,4.0,2.9,173,8,8,6,No,None,4
P11702,Male,33,Lawyer,7.7,8,68,72,11843,113,73,22.1,Normal,7.2,3.1,2.7,133,8,8,6,No,None,3
P11703,Male,27,Salesperson,6.8,6,56,76,10792,118,71,22.2,Normal,8.3,6.0,2.6,228,7,7,5,No,Occasional,6
P11704,Male,32,Scientist,7.8,9,75,69,13038,114,71,22.1,Normal,6.7,3.0,2.8,126,9,8,6,No,None,3
P11705,Male,24,Lawyer,8.7,10,82,65,15123,108,67,21.1,Normal,6.3,1.1,3.2,71,10,9,7,No,Occasional,1
P11706,Male,43,Software Engineer,5.8,4,40,85,6995,127,75,24.8,Normal,9.0,9.1,2.3,331,4,5,3,No,Occasional,9
P11707,Female,36,Scientist,7.1,7,57,75,11039,116,70,23.4,Normal,8.0,4.9,2.7,197,8,7,5,Yes,None,5
P11708,Male,36,Sales Representative,7.1,7,63,74,11076,117,73,22.5,Normal,7.8,4.9,2.6,198,7,7,5,No,Frequent,5
P11709,Male,39,Teacher,7.2,7,63,75,10798,117,72,23.2,Normal,7.9,5.0,2.6,208,7,7,5,No,None,5
P11710,Female,33,Nurse,7.3,8,65,72,12146,114,69,23.0,Normal,7.5,3.9,2.8,173,8,7,6,No,Frequent,4
P11711,Female,44,Sales Representative,5.3,4,35,84,6136,131,77,25.4,Overweight,9.6,10.0,2.2,355,4,4,3,No,Frequent,10
P11712,Female,29,Sales Representative,8.3,10,85,65,14673,111,68,21.2,Normal,6.0,1.1,2.9,88,10,9,7,No,Occasional,1
P11713,Male,29,Engineer,8.3,10,74,66,14180,106,68,21.6,Normal,6.1,1.0,3.0,80,10,9,8,No,Occasional,1
P11714,Male,29,Salesperson,7.4,8,68,71,12141,116,71,22.6,Normal,7.2,4.0,2.7,175,8,7,6,No,Occasional,4
P11715,Male,32,Salesperson,7.2,7,63,76,11607,115,75,22.2,Normal,7.4,5.1,2.6,201,7,7,5,No,None,5
P11716,Female,29,Engineer,7.1,7,60,76,11097,116,74,22.8,Normal,7.6,5.1,2.7,201,7,7,5,No,Frequent,5
P11717,Female,27,Sales Representative,8.0,9,78,68,14357,109,69,21.5,Normal,6.4,2.1,3.1,117,9,8,7,No,Occasional,2
P11718,Male,36,Engineer,6.3,5,48,80,7838,123,76,23.8,Normal,9.0,7.9,2.5,298,5,5,4,No,Occasional,8
P11719,Male,36,Doctor,7.4,7,66,74,11952,118,74,22.6,Normal,7.5,3.9,2.7,157,8,7,5,No,Frequent,4
P11720,Female,33,Teacher,7.7,9,73,69,11619,117,69,22.8,Normal,7.2,3.0,2.8,136,9,8,6,No,None,3
P11721,Male,32,Engineer,6.3,6,52,82,9229,122,77,23.7,Normal,8.5,7.0,2.4,264,6,6,4,Yes,None,7
P11722,Female,35,Engineer,6.5,6,49,79,9189,122,73,23.5,Normal,8.3,7.0,2.5,261,6,6,4,No,None,7
P11723,Male,35,Salesperson,7.7,8,67,72,12559,116,69,22.5,Normal,7.0,3.0,2.9,145,8,8,6,No,None,3
P11724,Female,41,Manager,6.2,5,45,82,8427,123,76,24.3,Normal,8.8,8.1,2.3,287,5,6,4,Yes,Occasional,8
P11725,Female,32,Teacher,8.0,9,79,68,12977,108,71,21.6,Normal,6.8,2.0,3.1,113,9,9,7,No,None,2
P11726,Female,29,Nurse,7.4,8,65,75,12761,114,74,22.0,Normal,7.5,4.1,2.6,170,8,8,5,No,Occasional,4
P11727,Male,39,Sales Representative,6.1,5,41,82,8094,124,78,22.8,Normal,9.1,7.9,2.3,285,5,5,4,No,Frequent,8
P11728,Male,40,Nurse,5.6,4,43,84,7081,128,78,23.8,Normal,9.0,9.2,2.4,322,4,5,4,No,Occasional,9
P11729,Female,24,Scientist,7.8,8,75,72,13484,113,71,21.9,Normal,7.1,3.0,2.9,134,8,8,7,No,Occasional,3
P11730,Male,31,Teacher,7.9,9,78,68,14245,110,68,22.2,Normal,6.4,2.0,3.1,107,9,8,7,No,None,2
P11731,Male,36,Nurse,7.8,9,72,69,12080,112,71,22.1,Normal,7.1,3.1,2.9,144,8,8,6,No,None,3
P11732,Male,38,Nurse,6.5,5,52,80,9137,121,76,24.4,Normal,8.4,6.9,2.6,254,6,6,4,Yes,Occasional,7
P11733,Male,32,Software Engineer,7.4,8,71,72,11933,116,73,21.8,Normal,6.9,4.2,2.9,160,7,7,6,Yes,Occasional,4
P11734,Male,44,Teacher,6.0,4,42,86,7285,124,78,24.4,Normal,9.1,9.0,2.4,331,5,4,3,No,None,9
P11735,Male,30,Scientist,8.2,9,77,68,13417,111,69,21.2,Normal,6.6,1.9,2.9,108,9,9,6,No,Occasional,2
P11736,Female,32,Doctor,7.4,8,68,74,11182,116,71,21.7,Normal,7.2,3.9,2.6,170,8,7,6,No,Frequent,4
P11737,Male,43,Lawyer,5.2,3,36,87,6751,127,80,24.9,Normal,9.5,10.0,2.1,357,4,4,3,No,Frequent,10
P11738,Female,36,Lawyer,7.4,8,67,72,12809,114,74,22.7,Normal,7.5,4.0,2.8,171,8,8,6,No,None,4
P11739,Male,39,Teacher,6.0,4,45,81,8497,126,75,23.8,Normal,9.1,8.0,2.4,298,5,5,4,No,None,8
P11740,Male,44,Lawyer,5.6,4,39,87,7048,128,79,25.4,Overweight,9.8,10.0,2.1,354,4,4,2,No,Frequent,10
P11741,Male,34,Sales Representative,7.2,7,68,74,11787,114,72,22.1,Normal,7.2,4.0,2.7,170,8,8,5,No,Occasional,4
P11742,Female,32,Lawyer,7.5,8,64,74,11362,118,71,23.0,Normal,7.4,4.1,2.9,177,8,8,6,No,None,4
P11743,Female,38,Scientist,6.1,5,48,81,8656,125,78,24.5,Normal,9.0,7.9,2.3,283,6,6,4,Yes,Occasional,8
P11744,Male,39,Lawyer,6.2,5,47,82,8586,126,73,24.0,Normal,9.0,8.0,2.5,288,5,5,4,No,Occasional,8
P11745,Female,39,Software Engineer,6.0,5,38,82,8222,122,77,24.8,Normal,8.8,8.0,2.3,303,5,6,4,No,Occasional,8
P11746,Male,31,Software Engineer,7.5,7,65,73,11221,115,73,22.3,Normal,7.3,4.1,2.8,155,8,8,6,No,None,4
P11747,Male,40,Doctor,5.7,4,37,84,7640,124,74,24.7,Normal,9.3,8.9,2.2,328,5,5,3,No,Occasional,9
P11748,Female,37,Teacher,6.4,6,49,79,9767,120,74,23.6,Normal,8.5,7.0,2.4,255,6,6,4,No,None,7
P11749,Female,32,Salesperson,8.3,9,79,67,14060,107,68,21.1,Normal,6.3,1.1,3.0,83,10,9,7,No,Occasional,1
P11750,Female,40,Nurse,6.4,5,54,80,9910,125,75,23.4,Normal,8.5,7.2,2.5,250,6,6,4,No,Frequent,7
P11751,Male,37,Lawyer,7.8,8,70,69,12943,115,70,21.3,Normal,7.1,2.9,2.8,138,9,8,7,No,Occasional,3
P11752,Female,35,Doctor,7.0,7,63,77,10504,116,71,22.7,Normal,7.7,5.0,2.5,194,7,8,6,No,Occasional,5
P11753,Female,40,Teacher,6.4,6,52,82,9426,122,72,24.0,Normal,8.5,7.0,2.5,256,6,6,5,Yes,Frequent,7
P11754,Male,38,Engineer,6.2,5,50,80,8049,124,77,24.0,Normal,8.8,8.0,2.3,291,5,5,3,No,Frequent,8
P11755,Female,42,Software Engineer,5.6,4,36,84,7428,124,77,24.4,Normal,9.0,9.0,2.3,319,4,5,3,No,None,9
P11756,Female,42,Salesperson,5.5,3,36,87,6094,131,81,24.2,Normal,9.6,10.0,2.2,361,4,4,3,No,Occasional,10
P11757,Male,37,Scientist,8.0,9,75,71,11948,116,68,22.1,Normal,7.1,3.1,2.8,131,8,8,6,No,None,3
P11758,Male,33,Doctor,6.6,7,58,77,10086,119,73,23.7,Normal,7.8,5.9,2.6,222,6,7,5,Yes,Occasional,6
P11759,Female,42,Sales Representative,5.9,4,37,82,8031,126,78,24.2,Normal,9.4,9.0,2.3,326,5,5,3,No,None,9
P11760,Female,41,Sales Representative,7.2,7,63,75,10242,120,73,22.6,Normal,7.5,5.0,2.7,202,7,7,6,No,Occasional,5
P11761,Male,34,Nurse,6.9,6,57,77,11175,119,74,23.0,Normal,8.1,6.0,2.6,228,7,6,5,No,Occasional,6
P11762,Female,41,Scientist,5.7,4,42,85,7515,126,77,23.9,Normal,9.1,9.0,2.6,323,4,5,3,No,Occasional,9
P11763,Male,33,Scientist,8.0,9,77,66,14298,113,69,21.1,Normal,6.5,2.2,2.8,108,9,9,7,No,Frequent,2
P11764,Female,39,Sales Representative,5.7,4,39,82,7430,128,79,24.5,Normal,9.3,8.9,2.3,322,5,4,3,Yes,Frequent,9
P11765,Female,39,Doctor,5.6,4,42,83,7146,126,77,24.8,Normal,9.1,9.0,2.4,326,5,5,4,Yes,Occasional,9
P11766,Female,36,Teacher,6.0,4,40,84,7715,128,77,24.4,Normal,9.3,9.1,2.2,334,5,5,3,No,Frequent,9
P11767,Female,31,Teacher,7.7,9,76,69,14102,112,69,21.7,Normal,6.6,2.0,2.9,112,9,9,7,No,Occasional,2
P11768,Male,31,Manager,8.3,10,82,67,14445,107,69,21.3,Normal,6.3,1.0,2.9,80,10,9,7,No,Occasional,1
P11769,Female,37,Doctor,6.6,6,54,76,10147,120,72,23.6,Normal,8.0,6.0,2.6,232,6,7,5,No,Occasional,6
P11770,Female,45,Scientist,5.7,4,35,85,7187,128,78,24.2,Normal,9.3,9.0,2.3,333,4,5,3,No,None,9
P11771,Female,36,Lawyer,7.8,8,76,69,12751,117,69,21.2,Normal,7.1,3.1,2.8,142,9,8,6,No,None,3
P11772,Male,24,Doctor,8.4,10,81,66,14768,109,64,20.7,Normal,6.2,1.0,3.0,87,10,9,8,No,None,1
P11773,Female,27,Scientist,7.6,8,72,70,12345,114,68,22.4,Normal,6.9,3.2,2.7,128,9,8,6,Yes,Frequent,3
P11774,Female,30,Sales Representative,7.0,7,63,74,11430,115,75,22.9,Normal,7.6,4.9,2.8,197,7,7,5,No,None,5
P11775,Male,33,Sales Representative,7.7,9,76,70,13366,114,71,22.4,Normal,7.2,3.0,2.8,140,8,8,7,No,Occasional,3
P11776,Male,30,Manager,8.2,9,80,68,13978,109,71,21.8,Normal,6.7,2.0,3.0,103,9,9,7,Yes,Occasional,2
P11777,Male,26,Engineer,8.4,10,80,64,14603,105,67,21.7,Normal,6.3,1.0,3.0,74,10,9,7,No,Frequent,1
P11778,Male,27,Software Engineer,8.2,9,75,66,13841,108,69,21.1,Normal,6.7,1.9,2.9,99,9,9,7,No,Occasional,2
P11779,Male,30,Lawyer,7.7,8,74,71,12000,113,69,22.3,Normal,7.2,2.9,2.8,132,8,8,6,No,Occasional,3
P11780,Male,39,Manager,7.8,9,73,69,12600,115,69,22.2,Normal,6.9,3.0,2.8,140,9,8,6,No,None,3
P11781,Male,29,Engineer,8.3,9,78,68,13323,111,67,21.1,Normal,6.6,2.0,2.9,111,9,9,6,No,Occasional,2
P11782,Male,39,Engineer,5.8,5,35,83,7646,125,78,24.6,Normal,9.2,8.9,2.5,318,4,5,3,Yes,None,9
P11783,Female,37,Engineer,6.0,5,47,80,7786,125,75,24.4,Normal,8.7,8.1,2.3,299,5,5,4,No,Frequent,8
P11784,Male,28,Software Engineer,8.4,10,84,69,14539,107,69,21.0,Normal,6.2,1.1,3.0,71,10,9,8,No,Occasional,1
P11785,Male,44,Lawyer,5.6,4,39,84,7175,125,77,23.6,Normal,9.3,9.1,2.3,325,5,5,3,No,Occasional,9
P11786,Female,38,Scientist,7.1,7,61,74,11135,119,72,22.7,Normal,7.7,5.0,2.8,185,7,7,5,No,Occasional,5
P11787,Male,35,Sales Representative,8.3,9,78,67,13387,110,70,22.4,Normal,6.5,1.9,2.8,117,9,8,7,No,None,2
P11788,Female,24,Doctor,8.4,10,83,68,14263,109,68,21.6,Normal,5.8,1.0,3.0,65,10,10,8,No,None,1
P11789,Female,36,Lawyer,6.7,7,60,77,11396,116,72,23.5,Normal,8.3,6.0,2.6,230,6,6,5,No,None,6
P11790,Male,33,Doctor,7.8,8,67,72,12767,115,70,22.4,Normal,7.4,3.0,2.9,134,9,8,6,No,Occasional,3
P11791,Female,38,Nurse,6.6,6,54,79,9871,121,72,23.1,Normal,7.9,6.1,2.6,229,7,6,4,No,Occasional,6
P11792,Male,27,Scientist,8.3,10,88,65,15057,106,67,21.8,Normal,6.2,1.0,3.0,77,10,10,7,No,Occasional,1
P11793,Female,24,Salesperson,8.3,10,85,66,13958,105,68,21.5,Normal,6.2,1.0,3.0,83,10,9,8,No,Occasional,1
P11794,Female,33,Nurse,7.0,7,67,77,11403,116,74,22.6,Normal,7.7,4.9,2.6,203,7,7,5,No,Occasional,5
P11795,Male,30,Lawyer,8.0,9,74,70,12728,114,71,21.8,Normal,6.6,2.9,2.8,135,8,8,6,No,None,3
P11796,Female,33,Salesperson,7.4,8,67,73,12284,114,72,22.9,Normal,7.6,4.0,2.8,177,8,8,6,No,Occasional,4
P11797,Female,34,Software Engineer,7.5,8,66,74,12353,117,70,22.2,Normal,7.4,4.0,2.8,167,8,7,6,No,None,4
P11798,Female,37,Sales Representative,5.9,5,45,80,8260,127,76,24.3,Normal,8.9,8.0,2.4,290,5,5,4,No,Occasional,8
P11799,Male,34,Salesperson,6.9,7,66,77,10427,116,75,22.3,Normal,7.7,4.9,2.6,204,7,7,5,No,Frequent,5
P11800,Male,38,Lawyer,6.1,5,45,79,8729,123,77,23.5,Normal,8.6,8.0,2.3,291,5,5,4,No,None,8
P11801,Male,30,Manager,8.2,9,75,68,13938,110,69,21.8,Normal,6.6,2.0,2.9,102,9,8,7,No,Occasional,2
P11802,Female,37,Scientist,6.5,6,48,80,9515,124,75,24.0,Normal,8.3,7.0,2.5,250,6,6,5,No,Occasional,7
P11803,Male,38,Doctor,6.5,5,52,79,9429,119,72,23.6,Normal,8.8,7.0,2.4,256,6,6,5,No,None,7
P11804,Female,46,Teacher,5.8,4,44,83,7356,123,79,24.0,Normal,9.1,8.9,2.4,320,4,5,3,Yes,Frequent,9
P11805,Female,41,Salesperson,5.7,4,43,84,6824,124,79,24.1,Normal,9.2,9.0,2.3,325,4,5,3,No,Occasional,9
P11806,Male,33,Teacher,7.5,8,72,72,12389,114,72,22.9,Normal,7.2,3.9,2.9,169,8,8,6,No,Occasional,4
P11807,Male,29,Software Engineer,8.1,9,78,69,13188,108,71,22.0,Normal,6.5,2.0,3.1,95,10,9,7,No,None,2
P11808,Female,28,Teacher,7.3,8,66,73,12299,116,71,22.4,Normal,7.2,3.9,2.8,169,8,8,6,No,None,4
P11809,Male,44,Scientist,5.7,4,32,83,7225,125,77,24.0,Normal,9.2,9.0,2.4,329,4,5,4,No,Frequent,9
P11810,Female,41,Engineer,7.0,7,64,74,11155,117,73,23.2,Normal,7.7,4.9,2.8,206,7,7,5,Yes,Occasional,5
P11811,Female,25,Scientist,7.9,9,77,67,13798,110,68,21.8,Normal,6.7,2.0,3.0,102,9,9,7,No,Occasional,2
P11812,Female,30,Sales Representative,7.8,8,71,74,13001,111,70,22.3,Normal,6.8,3.0,2.8,145,9,8,6,No,Occasional,3
P11813,Male,33,Scientist,7.2,7,54,76,10316,117,71,22.4,Normal,8.0,5.1,2.6,201,7,7,5,No,Occasional,5
P11814,Female,32,Software Engineer,8.1,9,82,69,12913,114,68,21.9,Normal,6.8,1.9,2.9,99,9,8,6,No,None,2
P11815,Male,39,Software Engineer,6.0,5,49,82,8634,122,76,23.6,Normal,8.6,8.0,2.4,295,5,5,3,No,None,8
P11816,Female,41,Nurse,5.6,3,32,86,6731,128,76,25.6,Overweight,9.8,9.9,2.3,367,4,4,3,No,Frequent,10
P11817,Male,36,Nurse,6.3,5,53,80,9281,122,76,23.5,Normal,8.2,7.0,2.6,246,6,6,4,No,None,7
P11818,Female,34,Nurse,6.6,7,57,78,9452,119,73,23.2,Normal,8.0,6.0,2.6,230,6,6,5,No,Frequent,6
P11819,Male,28,Sales Representative,8.5,10,86,65,14823,108,69,21.2,Normal,6.1,1.0,3.0,83,10,9,7,No,Occasional,1
P11820,Male,38,Sales Representative,7.1,7,64,76,10912,115,73,23.1,Normal,7.8,5.0,2.6,202,7,7,5,No,None,5
P11821,Female,36,Manager,6.7,7,62,77,10352,118,74,23.3,Normal,8.1,5.8,2.6,230,7,7,5,No,Occasional,6
P11822,Male,29,Sales Representative,8.2,9,76,70,13802,107,70,22.2,Normal,6.5,2.0,3.0,107,9,9,7,No,Occasional,2
P11823,Female,27,Nurse,8.2,9,76,69,13735,110,68,21.6,Normal,6.6,2.0,2.9,96,9,9,7,Yes,Frequent,2
P11824,Male,47,Software Engineer,6.0,4,46,80,7944,125,77,24.6,Normal,8.7,8.1,2.4,303,5,5,4,No,Occasional,8
P11825,Male,32,Software Engineer,7.0,7,63,75,10449,116,72,23.5,Normal,7.5,5.1,2.7,198,7,7,5,Yes,None,5
P11826,Female,30,Manager,7.6,8,75,70,12317,112,70,21.4,Normal,7.0,3.0,3.0,135,8,8,6,No,None,3
P11827,Female,36,Software Engineer,6.9,6,57,76,9485,121,75,23.9,Normal,8.1,6.1,2.4,232,6,6,5,No,Occasional,6
P11828,Female,42,Salesperson,6.2,5,43,80,8602,124,77,24.8,Normal,8.9,8.0,2.3,287,5,6,3,No,Frequent,8
P11829,Female,30,Nurse,8.5,10,84,65,14194,109,71,21.7,Normal,5.9,1.0,2.9,79,9,9,8,No,Occasional,1
P11830,Male,42,Salesperson,5.3,3,37,86,6528,126,77,24.9,Normal,9.9,10.0,2.1,352,4,4,3,No,Occasional,10
P11831,Male,33,Manager,7.0,6,56,74,9988,123,73,23.9,Normal,8.3,6.0,2.7,224,7,7,5,No,None,6
P11832,Female,40,Sales Representative,5.3,3,38,85,6560,128,76,23.5,Normal,9.6,10.0,2.2,351,4,5,3,No,Occasional,10
P11833,Male,29,Scientist,8.3,10,83,66,15304,105,68,21.4,Normal,6.1,1.0,3.0,75,10,9,7,No,None,1
P11834,Female,37,Lawyer,6.3,6,52,79,9373,122,75,23.6,Normal,8.7,7.0,2.3,271,6,6,5,No,Occasional,7
P11835,Female,31,Teacher,7.4,8,66,74,12242,115,70,22.1,Normal,7.6,3.9,2.7,169,8,8,6,No,Occasional,4
P11836,Female,38,Scientist,6.8,7,54,76,9443,118,74,23.4,Normal,7.9,6.0,2.6,218,7,6,5,No,Frequent,6
P11837,Female,43,Nurse,5.2,3,36,86,6184,130,81,24.8,Normal,9.6,9.9,2.1,360,4,5,3,No,Occasional,10
P11838,Female,33,Teacher,7.1,7,67,75,10744,115,70,22.7,Normal,7.7,5.0,2.8,190,8,7,5,No,Occasional,5
P11839,Female,37,Scientist,6.9,6,55,76,9517,118,75,23.5,Normal,8.3,5.9,2.6,231,6,6,5,No,Occasional,6
P11840,Female,42,Manager,5.8,4,36,84,7425,125,75,24.5,Normal,9.0,9.1,2.2,321,4,5,3,Yes,Occasional,9
P11841,Female,31,Salesperson,7.7,9,74,69,12240,114,70,22.8,Normal,6.5,3.2,2.7,121,8,8,6,No,Occasional,3
P11842,Female,45,Doctor,5.9,4,44,85,6758,124,76,24.9,Normal,9.2,8.9,2.2,330,4,5,3,Yes,Frequent,9
P11843,Female,35,Sales Representative,6.8,6,55,77,10491,117,73,23.3,Normal,7.9,6.0,2.6,236,7,6,5,Yes,Occasional,6
P11844,Female,34,Sales Representative,7.9,8,70,71,12518,112,70,22.7,Normal,6.9,3.1,2.8,133,8,8,7,No,Occasional,3
P11845,Female,47,Sales Representative,5.7,4,37,86,6544,128,79,24.7,Normal,9.6,10.0,2.2,353,4,4,3,No,None,10
P11846,Female,31,Teacher,7.9,8,74,71,12938,110,71,22.3,Normal,6.7,2.9,2.8,135,8,8,6,No,None,3
P11847,Female,31,Lawyer,7.3,7,67,76,11270,118,74,22.5,Normal,7.3,5.1,2.8,201,7,7,5,No,None,5
P11848,Male,43,Salesperson,5.4,4,33,88,5932,124,78,24.5,Normal,9.6,9.9,2.2,361,4,4,3,No,Frequent,10
P11849,Female,29,Teacher,8.6,10,87,65,14120,106,69,21.3,Normal,6.3,1.0,3.0,85,10,9,7,No,None,1
P11850,Male,28,Lawyer,8.3,10,79,67,14610,109,66,20.9,Normal,6.3,1.0,3.2,77,10,9,7,No,Occasional,1
P11851,Male,29,Salesperson,7.4,8,72,73,11999,115,73,22.5,Normal,7.4,3.9,2.8,173,8,8,6,No,None,4
P11852,Female,40,Sales Representative,6.2,4,50,82,8173,124,76,23.3,Normal,9.2,8.0,2.3,275,5,5,4,Yes,Frequent,8
P11853,Female,38,Nurse,6.8,6,57,77,9525,117,73,24.5,Normal,8.2,6.1,2.7,234,6,6,4,No,Occasional,6
P11854,Female,37,Scientist,6.9,7,59,76,9621,118,75,23.0,Normal,8.2,6.0,2.6,241,6,7,5,No,Occasional,6
P11855,Female,32,Scientist,7.1,7,64,75,10848,119,73,23.1,Normal,7.8,4.9,2.8,201,7,7,5,No,Occasional,5
P11856,Male,44,Teacher,5.7,4,38,82,7778,127,79,23.6,Normal,9.5,9.1,2.4,321,5,5,4,Yes,Frequent,9
P11857,Female,43,Lawyer,5.3,3,34,87,6443,128,79,24.8,Normal,9.5,10.0,2.2,347,4,4,3,No,None,10
P11858,Male,39,Salesperson,5.4,3,30,87,6701,127,79,24.7,Normal,9.8,10.0,2.2,355,4,4,2,Yes,None,10
P11859,Male,36,Engineer,7.0,7,58,76,10766,115,72,23.4,Normal,7.7,4.8,2.8,217,7,7,5,No,Frequent,5
P11860,Male,28,Nurse,8.2,9,76,68,13764,112,69,21.6,Normal,6.4,2.0,3.0,103,9,9,7,No,Occasional,2
P11861,Male,40,Engineer,5.2,3,38,86,5969,129,79,25.6,Overweight,9.6,10.0,2.3,353,4,4,3,No,None,10
P11862,Female,27,Nurse,7.8,9,72,69,12390,110,68,22.1,Normal,7.2,3.0,2.7,140,9,8,7,No,Occasional,3
P11863,Male,46,Manager,5.6,4,40,83,7744,128,76,24.1,Normal,9.2,9.1,2.3,327,4,5,3,No,None,9
P11864,Male,41,Salesperson,5.4,3,34,86,5742,128,81,24.3,Normal,9.6,9.9,2.3,346,4,4,3,No,Frequent,10
P11865,Female,34,Teacher,6.2,6,53,79,8857,123,75,23.6,Normal,8.5,7.1,2.5,266,6,6,4,No,None,7
P11866,Male,28,Lawyer,8.3,10,88,66,14614,106,67,21.9,Normal,6.4,1.0,3.0,84,10,9,7,No,Occasional,1
P11867,Male,42,Sales Representative,5.2,3,36,85,6784,129,76,25.2,Overweight,9.6,9.9,2.2,349,4,5,3,Yes,Occasional,10
P11868,Male,46,Doctor,5.3,3,38,85,6976,128,80,24.6,Normal,9.6,10.0,2.2,355,4,4,3,No,Frequent,10
P11869,Male,44,Nurse,6.9,7,68,73,10832,117,75,22.6,Normal,7.8,5.0,2.6,199,7,7,5,No,None,5
P11870,Male,43,Teacher,5.4,3,37,85,5935,127,79,23.9,Normal,9.4,10.0,2.3,354,4,5,4,Yes,None,10
P11871,Female,26,Scientist,8.4,10,87,67,14104,109,67,22.1,Normal,6.2,1.0,3.0,84,10,9,7,No,None,1
P11872,Male,42,Nurse,5.8,4,39,84,7180,125,76,24.0,Normal,9.5,9.1,2.2,321,5,5,3,No,Frequent,9
P11873,Female,42,Teacher,5.6,3,39,85,5987,128,77,25.2,Overweight,9.6,10.0,2.2,361,4,5,3,Yes,None,10
P11874,Female,44,Software Engineer,5.7,4,43,85,7649,126,78,24.4,Normal,9.3,8.9,2.4,332,5,5,3,No,None,9
P11875,Female,36,Nurse,6.6,6,59,77,9589,120,74,24.3,Normal,8.2,6.0,2.6,242,6,6,5,No,None,6
P11876,Male,33,Engineer,7.3,8,71,72,12034,115,72,22.9,Normal,7.1,4.0,2.6,165,8,7,6,No,Occasional,4
P11877,Male,39,Salesperson,6.4,5,48,80,8913,121,75,22.7,Normal,8.5,7.0,2.4,251,6,5,4,No,Frequent,7
P11878,Female,39,Engineer,5.9,5,40,81,9057,122,76,24.8,Normal,9.0,8.0,2.3,280,5,5,4,No,None,8
P11879,Male,44,Software Engineer,5.5,3,36,86,5828,129,79,25.1,Overweight,9.8,10.0,2.4,361,4,4,3,No,Occasional,10
P11880,Male,37,Scientist,6.2,4,50,83,8399,124,78,24.5,Normal,8.7,8.0,2.3,302,5,6,4,No,Frequent,8
P11881,Male,30,Salesperson,7.0,8,57,75,11241,114,70,23.5,Normal,7.7,4.9,2.5,209,7,7,5,Yes,Occasional,5
P11882,Male,36,Software Engineer,7.4,8,68,74,12080,114,72,22.6,Normal,7.2,4.1,2.7,156,8,7,6,No,Occasional,4
P11883,Female,36,Doctor,6.7,6,57,78,10435,119,75,23.8,Normal,8.0,6.1,2.6,230,6,7,5,No,None,6
P11884,Female,22,Software Engineer,8.2,9,81,68,13634,110,69,20.8,Normal,6.5,2.0,3.0,101,9,9,6,No,None,2
P11885,Male,34,Nurse,7.8,9,71,69,13008,114,71,21.9,Normal,7.0,3.1,2.6,144,9,8,6,No,Occasional,3
P11886,Female,43,Engineer,5.3,3,37,86,6671,129,79,24.7,Normal,9.7,10.0,2.1,346,4,4,3,No,Frequent,10
P11887,Male,33,Teacher,7.0,7,58,77,10686,117,72,23.0,Normal,7.4,5.0,2.6,192,7,7,5,No,Occasional,5
P11888,Male,42,Engineer,6.7,6,50,79,8594,120,75,23.8,Normal,8.6,7.0,2.6,253,6,6,4,No,Frequent,7
P11889,Male,44,Salesperson,5.5,3,38,87,6737,131,79,24.8,Normal,9.8,9.9,2.1,360,4,4,3,No,Occasional,10
P11890,Male,30,Doctor,8.4,9,79,68,13084,113,67,22.4,Normal,6.3,2.0,2.9,97,9,9,7,Yes,Occasional,2
P11891,Female,42,Engineer,5.5,3,38,86,6779,127,78,24.6,Normal,9.3,10.0,2.2,355,4,4,3,No,Occasional,10
P11892,Female,37,Doctor,6.8,6,61,78,10689,120,72,23.6,Normal,8.3,6.0,2.6,228,7,7,5,Yes,None,6
P11893,Female,40,Scientist,5.7,4,41,84,7277,126,77,24.3,Normal,9.1,8.9,2.3,326,5,5,3,No,Occasional,9
P11894,Female,28,Scientist,8.0,9,79,69,14150,109,68,21.3,Normal,6.8,2.0,2.9,103,9,9,7,Yes,None,2
P11895,Female,27,Software Engineer,7.6,9,78,70,12806,112,69,22.4,Normal,7.1,3.0,2.9,131,9,8,6,No,Frequent,3
P11896,Female,26,Software Engineer,7.7,9,66,69,12849,112,72,22.8,Normal,6.8,3.1,2.8,136,9,8,6,No,Occasional,3
P11897,Male,42,Salesperson,6.0,4,40,84,6695,130,77,24.4,Normal,8.9,9.0,2.3,330,4,5,3,Yes,None,9
P11898,Female,28,Sales Representative,6.9,7,61,75,11067,116,70,23.8,Normal,7.9,5.0,2.7,195,7,7,5,No,None,5
P11899,Male,35,Doctor,7.4,8,65,72,11739,115,71,22.8,Normal,7.2,4.0,2.6,166,8,7,6,No,None,4
P11900,Male,44,Teacher,5.3,4,39,87,7358,130,79,25.1,Overweight,9.8,10.0,2.3,362,4,4,3,No,None,10
P11901,Male,49,Salesperson,6.0,4,41,85,6702,124,78,25.5,Overweight,8.9,9.1,2.2,330,5,5,3,No,None,9
P11902,Female,46,Doctor,5.8,4,36,84,7100,127,80,25.2,Overweight,9.2,9.1,2.2,317,5,5,3,No,Frequent,9
P11903,Male,40,Sales Representative,6.5,6,56,81,9792,124,76,22.8,Normal,8.6,7.0,2.4,258,6,6,4,No,None,7
P11904,Female,26,Sales Representative,7.8,9,73,73,12712,111,70,22.3,Normal,7.0,3.0,2.8,139,8,8,6,Yes,None,3
P11905,Male,29,Software Engineer,7.6,9,74,70,13082,113,72,20.5,Normal,7.2,3.1,2.7,145,8,8,7,Yes,None,3
P11906,Female,46,Engineer,5.2,3,36,85,6707,129,79,24.6,Normal,9.5,10.0,2.3,352,4,4,3,No,Occasional,10
P11907,Male,33,Sales Representative,8.3,9,75,67,14002,111,67,22.2,Normal,6.5,2.0,2.8,104,9,9,7,No,None,2
P11908,Female,22,Software Engineer,8.4,10,83,66,14053,110,66,21.6,Normal,6.1,1.0,2.8,74,10,9,7,No,Occasional,1
P11909,Male,30,Engineer,7.2,7,63,76,11091,114,73,23.6,Normal,7.6,5.0,2.8,196,7,7,6,No,Frequent,5
P11910,Female,44,Software Engineer,6.0,5,44,84,8471,124,77,23.5,Normal,9.0,7.9,2.4,291,5,5,4,Yes,Frequent,8
P11911,Male,40,Teacher,6.0,5,45,82,8043,123,74,23.2,Normal,8.9,8.1,2.4,299,5,5,4,Yes,None,8
P11912,Female,35,Doctor,6.9,7,64,74,11737,117,73,22.8,Normal,7.9,5.1,2.7,205,7,7,5,No,Occasional,5
P11913,Female,29,Manager,8.1,9,86,68,13934,110,68,22.0,Normal,6.7,2.0,2.9,104,9,9,7,No,Frequent,2
P11914,Female,29,Lawyer,8.0,9,77,66,12985,110,67,21.7,Normal,6.7,1.9,2.9,105,9,9,6,No,Occasional,2
P11915,Male,37,Engineer,6.4,6,51,79,9438,124,76,22.9,Normal,8.7,6.9,2.6,266,6,6,4,Yes,None,7
P11916,Female,41,Salesperson,5.9,4,42,85,7160,127,77,24.3,Normal,9.3,9.0,2.3,321,5,5,3,No,Occasional,9
P11917,Male,37,Salesperson,5.9,4,44,85,7939,126,77,24.3,Normal,9.4,9.0,2.4,329,5,5,3,No,None,9
P11918,Female,33,Scientist,6.8,6,58,78,9933,119,73,23.1,Normal,7.8,5.9,2.5,226,7,7,5,No,None,6
P11919,Female,43,Lawyer,6.0,5,50,83,8848,124,75,24.5,Normal,8.8,8.0,2.3,294,5,5,4,No,Occasional,8
P11920,Male,28,Nurse,8.6,10,79,66,15278,105,68,22.3,Normal,6.2,1.0,2.9,72,10,10,7,No,None,1
P11921,Female,28,Sales Representative,7.8,9,68,72,12761,115,70,22.1,Normal,6.9,3.1,2.9,148,8,8,6,No,None,3
P11922,Male,32,Manager,7.1,7,63,75,11151,119,73,24.0,Normal,7.6,4.9,2.6,214,7,7,5,No,Occasional,5
P11923,Female,44,Software Engineer,6.1,5,45,83,8748,123,75,23.7,Normal,8.8,8.2,2.4,298,5,5,4,No,Occasional,8
P11924,Female,32,Lawyer,7.9,9,68,71,12887,114,69,21.6,Normal,7.1,2.9,2.8,139,9,8,6,No,Frequent,3
P11925,Male,40,Engineer,6.0,4,49,81,8359,125,75,24.3,Normal,9.0,7.9,2.3,299,5,5,4,No,Frequent,8
P11926,Female,36,Engineer,6.2,5,47,80,8899,122,76,23.8,Normal,8.5,7.9,2.2,293,5,5,4,No,Occasional,8
P11927,Male,36,Doctor,6.6,6,55,78,10860,120,72,22.7,Normal,8.1,5.9,2.6,227,7,6,5,No,None,6
P11928,Female,39,Nurse,5.8,4,45,83,7338,126,76,24.2,Normal,9.5,9.1,2.1,333,5,5,3,No,None,9
P11929,Female,44,Software Engineer,5.3,3,41,83,6835,128,80,24.6,Normal,9.5,10.0,2.2,359,4,5,3,No,None,10
P11930,Female,39,Doctor,6.4,6,51,79,9301,124,75,24.4,Normal,8.0,7.0,2.6,270,6,6,4,No,Frequent,7
P11931,Male,38,Scientist,6.8,6,56,78,9612,122,74,23.6,Normal,7.9,6.1,2.5,245,6,7,5,No,Frequent,6
P11932,Male,45,Software Engineer,5.6,4,40,82,6314,129,77,24.9,Normal,9.1,8.9,2.2,324,4,5,4,Yes,Frequent,9
P11933,Female,31,Lawyer,7.1,7,64,76,11432,117,73,22.2,Normal,7.8,5.0,2.8,193,7,7,5,No,Occasional,5
P11934,Male,45,Doctor,5.4,3,39,89,7605,128,79,25.5,Overweight,9.6,9.9,2.1,357,4,4,3,No,None,10
P11935,Female,31,Nurse,7.7,8,75,71,12869,112,72,22.0,Normal,6.7,3.0,2.7,127,9,8,6,No,Occasional,3
P11936,Male,31,Salesperson,7.4,8,66,72,12030,115,71,22.5,Normal,7.2,4.0,2.7,171,8,7,6,No,Occasional,4
P11937,Male,25,Nurse,8.3,9,79,68,13522,108,67,21.2,Normal,6.5,1.9,2.8,105,9,9,7,Yes,Occasional,2
P11938,Female,29,Engineer,7.7,8,65,73,11768,115,71,21.8,Normal,7.3,4.0,2.8,168,8,8,6,No,Occasional,4
P11939,Female,40,Manager,7.1,7,57,76,11056,117,71,23.1,Normal,7.8,5.1,2.5,202,8,7,5,No,Occasional,5
P11940,Male,32,Salesperson,7.8,8,72,72,12733,117,72,22.1,Normal,6.8,2.9,2.8,136,9,8,6,No,Occasional,3
P11941,Female,33,Doctor,7.7,8,77,70,12537,113,71,22.2,Normal,7.0,3.0,2.9,142,9,8,6,No,Occasional,3
P11942,Female,43,Lawyer,5.5,4,35,84,6953,127,78,25.1,Overweight,9.7,10.0,2.2,353,4,4,3,Yes,None,10
P11943,Male,28,Manager,8.2,9,79,67,13702,106,70,21.6,Normal,6.7,2.1,2.9,98,9,9,7,No,Occasional,2
P11944,Female,32,Sales Representative,6.9,7,58,74,11864,117,71,22.8,Normal,7.7,5.0,2.6,198,7,7,5,No,Occasional,5
P11945,Female,42,Sales Representative,5.7,4,38,84,8043,124,75,24.8,Normal,9.0,9.1,2.3,330,5,5,4,No,Frequent,9
P11946,Female,35,Manager,7.1,7,67,75,10587,118,73,22.7,Normal,7.7,4.9,2.6,195,7,7,5,Yes,Occasional,5
P11947,Female,36,Teacher,6.7,6,56,77,10272,118,74,23.4,Normal,7.8,6.0,2.5,228,7,7,5,No,None,6
P11948,Female,30,Scientist,8.4,10,85,66,14948,109,69,21.7,Normal,6.0,1.0,3.0,71,10,9,7,Yes,Frequent,1
P11949,Female,34,Salesperson,7.5,8,68,73,11817,115,71,23.0,Normal,7.2,4.1,2.8,171,8,8,6,No,None,4
P11950,Male,32,Sales Representative,7.6,8,69,74,11975,114,72,23.0,Normal,7.6,4.0,2.6,157,8,7,6,No,Occasional,4
P11951,Female,33,Teacher,7.5,8,69,71,12053,114,71,22.6,Normal,7.4,4.1,2.7,167,8,7,6,No,Occasional,4
P11952,Male,26,Lawyer,8.0,9,71,70,13270,113,69,21.5,Normal,6.9,3.0,2.9,132,8,8,6,No,Occasional,3
P11953,Female,28,Lawyer,7.2,8,65,70,12272,111,70,22.8,Normal,7.4,4.2,2.7,159,8,8,6,Yes,Occasional,4
P11954,Female,29,Lawyer,8.5,10,83,66,14499,107,70,20.9,Normal,6.3,1.0,3.1,73,10,10,8,No,None,1
P11955,Male,38,Software Engineer,6.9,7,58,75,10615,118,74,23.3,Normal,7.7,5.1,2.7,194,7,7,5,No,None,5
P11956,Male,38,Nurse,6.5,6,50,80,9030,119,74,22.9,Normal,8.7,6.8,2.5,262,6,6,4,No,Frequent,7
P11957,Male,26,Doctor,8.4,10,80,65,14927,106,67,21.4,Normal,6.2,1.1,2.9,73,10,9,7,No,Occasional,1
P11958,Male,33,Software Engineer,7.6,9,73,71,12482,115,71,22.5,Normal,7.0,2.9,2.8,136,8,8,6,Yes,None,3
P11959,Male,38,Doctor,6.0,5,47,83,7646,123,76,23.1,Normal,8.9,8.0,2.3,291,5,5,4,No,None,8
P11960,Female,44,Teacher,5.3,3,38,87,6887,127,78,24.2,Normal,9.6,9.8,2.2,354,4,4,3,No,Frequent,10
P11961,Male,39,Sales Representative,6.1,5,53,82,9414,127,77,24.6,Normal,8.8,8.1,2.4,300,6,6,4,No,None,8
P11962,Female,44,Nurse,5.6,4,41,85,8456,126,76,24.3,Normal,9.2,8.9,2.3,321,4,5,3,No,Occasional,9
P11963,Female,36,Manager,7.6,8,69,73,11327,114,70,22.7,Normal,7.5,3.9,2.7,153,8,8,6,Yes,Occasional,4
P11964,Male,30,Teacher,7.0,7,63,73,10645,118,73,23.1,Normal,7.9,5.0,2.8,195,7,7,5,No,None,5
P11965,Male,38,Software Engineer,6.7,6,56,78,10972,121,73,23.6,Normal,8.1,6.0,2.5,244,7,6,5,No,Occasional,6
P11966,Male,27,Salesperson,8.7,10,82,67,14912,107,67,21.4,Normal,6.2,1.0,3.1,82,10,9,7,No,None,1
P11967,Male,36,Software Engineer,6.1,5,43,83,8592,122,76,24.0,Normal,8.6,8.0,2.3,299,5,5,4,No,Occasional,8
P11968,Male,37,Lawyer,6.9,7,61,73,10467,120,71,22.8,Normal,7.7,4.9,2.3,211,7,7,6,No,Occasional,5
P11969,Female,40,Sales Representative,6.5,5,53,80,9708,123,74,23.6,Normal,8.6,7.0,2.5,255,6,6,4,Yes,Occasional,7
P11970,Male,40,Engineer,6.7,7,59,77,9681,120,74,24.1,Normal,8.2,6.0,2.7,234,7,7,5,Yes,Occasional,6
P11971,Female,36,Lawyer,7.3,7,63,77,10839,120,73,23.0,Normal,7.7,4.9,2.7,205,7,7,5,No,Frequent,5
P11972,Female,29,Nurse,7.6,8,67,74,11585,116,72,22.4,Normal,7.6,4.1,2.9,169,8,8,6,No,None,4
P11973,Male,43,Salesperson,6.3,5,52,80,8712,121,77,23.4,Normal,8.3,7.1,2.4,255,6,6,4,Yes,None,7
P11974,Male,35,Salesperson,6.9,6,56,76,11356,121,73,23.7,Normal,8.1,6.0,2.6,227,6,7,5,No,Occasional,6
P11975,Male,34,Doctor,7.3,8,58,74,10595,115,71,22.7,Normal,7.8,5.1,2.6,188,7,7,6,No,Occasional,5
P11976,Male,27,Nurse,8.5,10,81,66,14553,107,65,21.6,Normal,6.0,1.1,3.1,72,10,9,8,No,Occasional,1
P11977,Male,44,Engineer,5.3,3,39,85,7003,130,77,24.0,Normal,9.4,9.9,2.2,360,4,4,3,No,Occasional,10
P11978,Male,41,Sales Representative,5.9,4,40,85,7109,125,76,24.8,Normal,9.1,9.1,2.3,323,4,5,3,No,None,9
P11979,Female,28,Scientist,8.0,9,88,68,13626,112,70,21.9,Normal,6.5,2.1,3.1,102,10,9,7,No,None,2
P11980,Male,39,Salesperson,5.6,3,31,84,6510,130,78,24.4,Normal,9.5,10.0,2.3,353,4,4,4,Yes,Frequent,10
P11981,Female,34,Manager,6.6,5,57,80,7931,117,77,23.6,Normal,8.6,6.9,2.3,274,6,6,5,No,Occasional,7
P11982,Male,35,Engineer,6.7,6,53,76,10138,118,74,23.6,Normal,7.9,6.0,2.7,229,6,7,5,No,None,6
P11983,Female,49,Lawyer,5.7,4,38,85,7626,129,79,23.7,Normal,9.1,9.0,2.4,330,4,5,4,No,Occasional,9
P11984,Female,46,Software Engineer,6.0,5,40,82,8521,125,75,24.2,Normal,8.9,7.9,2.3,279,5,5,4,No,Occasional,8
P11985,Male,35,Doctor,6.5,6,50,79,8852,122,74,23.1,Normal,8.3,6.9,2.3,264,6,6,4,No,None,7
P11986,Female,25,Scientist,8.6,10,86,66,14325,107,68,21.5,Normal,6.0,1.0,3.1,90,10,9,7,No,Occasional,1
P11987,Male,37,Scientist,5.8,4,40,85,7694,126,77,25.3,Overweight,9.2,9.0,2.2,320,5,5,3,No,Occasional,9
P11988,Female,38,Salesperson,6.0,5,43,81,8362,124,79,24.2,Normal,8.9,8.0,2.3,297,5,5,4,No,Occasional,8
P11989,Female,45,Software Engineer,6.1,5,48,83,8255,124,74,23.6,Normal,8.8,7.9,2.4,295,5,5,4,No,Occasional,8
P11990,Male,26,Salesperson,7.8,9,74,70,12725,113,70,22.4,Normal,6.8,3.0,2.9,140,8,8,6,No,Frequent,3
P11991,Female,36,Manager,5.6,4,38,82,7085,126,77,24.2,Normal,9.6,8.9,2.3,321,4,5,4,No,Occasional,9
P11992,Female,28,Software Engineer,8.1,9,77,68,13633,110,69,21.7,Normal,6.6,1.8,3.0,111,9,9,7,No,None,2
P11993,Male,36,Teacher,7.0,7,60,77,10257,117,72,23.3,Normal,7.8,5.0,2.7,198,7,7,5,No,Occasional,5
P11994,Female,40,Engineer,6.4,6,54,77,9943,122,77,23.5,Normal,8.4,7.0,2.5,258,6,6,4,Yes,Frequent,7
P11995,Female,39,Salesperson,5.8,4,44,85,7109,127,76,24.5,Normal,9.1,9.0,2.2,329,4,5,4,No,Occasional,9
P11996,Male,42,Manager,6.2,5,44,81,7693,124,77,23.4,Normal,8.6,8.0,2.2,296,5,5,4,No,None,8
P11997,Male,31,Manager,7.4,7,62,74,11062,119,71,23.4,Normal,7.8,4.9,2.7,211,7,7,5,No,Frequent,5
P11998,Male,42,Manager,5.4,3,34,87,6310,126,79,24.6,Normal,9.7,9.8,2.2,346,4,4,3,No,None,10
P11999,Female,36,Doctor,7.1,7,61,74,10664,117,73,22.3,Normal,7.8,5.1,2.7,204,7,7,5,No,None,5
P12000,Female,27,Software Engineer,7.8,9,71,72,12880,114,70,22.2,Normal,6.7,3.1,2.9,144,9,8,6,No,Occasional,3
P12001,Female,33,Nurse,7.2,7,60,76,11271,116,72,22.7,Normal,7.9,5.0,2.6,200,7,7,5,No,None,5
P12002,Male,29,Software Engineer,8.1,9,76,69,13917,112,68,21.7,Normal,6.7,1.9,2.9,108,10,9,7,No,Occasional,2
P12003,Male,26,Software Engineer,7.4,8,67,74,11527,115,72,22.6,Normal,7.2,4.0,2.7,157,8,8,6,No,None,4
P12004,Male,36,Teacher,7.3,7,59,74,11460,118,73,22.8,Normal,7.8,4.9,2.7,208,7,7,5,No,Occasional,5
P12005,Male,31,Nurse,7.9,9,74,71,13239,112,70,21.7,Normal,6.8,3.0,2.9,134,9,8,6,No,Occasional,3
P12006,Male,38,Scientist,6.7,6,58,77,10310,121,74,24.1,Normal,7.8,5.9,2.6,240,7,6,5,No,None,6
P12007,Female,43,Scientist,5.6,4,44,84,5884,127,76,24.3,Normal,9.2,9.0,2.3,325,5,5,3,Yes,None,9
P12008,Female,49,Scientist,5.6,3,37,87,5920,128,79,24.5,Normal,9.9,10.0,2.1,356,3,4,3,No,Occasional,10
P12009,Male,33,Teacher,7.5,8,69,74,10949,115,71,22.3,Normal,7.7,4.0,2.8,174,8,8,6,No,Occasional,4
P12010,Male,38,Doctor,5.8,4,39,83,7128,125,76,24.1,Normal,9.1,9.0,2.2,323,4,5,4,No,Occasional,9
P12011,Male,33,Sales Representative,7.6,8,63,72,11845,115,72,22.1,Normal,7.4,4.0,2.7,167,8,8,6,No,Frequent,4
P12012,Male,34,Doctor,7.0,7,63,76,11092,116,72,23.1,Normal,7.8,4.9,2.7,200,7,7,6,No,Occasional,5
P12013,Female,42,Sales Representative,5.5,3,31,85,6428,128,78,24.2,Normal,9.5,10.0,2.3,354,4,4,3,Yes,Occasional,10
P12014,Male,46,Sales Representative,6.2,4,48,84,8089,123,76,24.3,Normal,8.7,8.0,2.4,311,5,6,4,Yes,Occasional,8
P12015,Female,25,Lawyer,8.5,10,80,67,14385,107,67,21.6,Normal,6.4,1.1,2.9,82,10,9,8,No,Occasional,1
P12016,Female,27,Lawyer,7.0,7,62,76,10821,116,73,23.0,Normal,7.5,5.0,2.7,205,7,7,6,No,Occasional,5
P12017,Male,39,Salesperson,6.3,6,58,79,8524,123,75,22.3,Normal,8.3,7.1,2.5,268,6,6,4,No,None,7
P12018,Male,38,Doctor,6.2,5,49,81,8046,123,76,23.9,Normal,8.6,8.0,2.5,311,6,5,4,No,Occasional,8
P12019,Female,37,Doctor,5.4,3,34,85,6308,129,79,24.0,Normal,9.6,10.0,2.1,353,4,4,3,No,Frequent,10
P12020,Male,37,Sales Representative,7.2,7,60,74,11338,115,73,23.4,Normal,7.8,5.0,2.7,206,7,7,5,No,None,5
P12021,Male,40,Engineer,5.5,3,41,85,6626,129,78,24.7,Normal,9.6,10.0,2.1,366,4,4,3,No,Occasional,10
P12022,Male,37,Engineer,6.1,5,48,81,8928,122,77,23.8,Normal,8.8,7.9,2.4,294,5,5,4,No,Occasional,8
P12023,Female,27,Sales Representative,7.8,8,68,71,12908,113,69,22.1,Normal,6.8,3.1,2.7,134,8,8,6,No,None,3
P12024,Female,42,Teacher,5.5,3,39,86,6348,130,79,25.1,Overweight,10.0,10.0,2.3,359,4,4,3,Yes,None,10
P12025,Male,32,Teacher,7.7,9,77,70,12098,114,70,22.0,Normal,6.8,3.0,2.8,151,9,8,6,No,Occasional,3
P12026,Male,39,Manager,7.1,7,60,73,11508,119,76,22.6,Normal,7.7,4.9,2.6,207,7,7,5,No,Occasional,5
P12027,Female,38,Software Engineer,6.4,6,55,78,8725,124,75,23.0,Normal,8.4,7.0,2.4,273,6,6,5,No,Occasional,7
P12028,Female,45,Nurse,5.3,3,43,87,6417,127,80,24.9,Normal,9.5,10.0,2.1,363,4,4,3,Yes,None,10
P12029,Female,45,Doctor,5.4,3,38,85,6604,128,80,24.5,Normal,9.5,10.0,2.3,356,4,4,3,No,None,10
P12030,Male,31,Salesperson,7.0,7,65,76,11226,118,70,22.4,Normal,7.8,5.0,2.5,194,7,7,5,No,Frequent,5
P12031,Male,47,Manager,6.0,5,52,82,8095,122,77,25.0,Overweight,8.5,8.0,2.4,297,5,5,4,No,None,8
P12032,Female,36,Salesperson,7.1,7,61,75,11097,114,73,22.8,Normal,8.0,5.0,2.6,203,7,7,5,No,Occasional,5
P12033,Female,36,Engineer,6.5,6,54,78,8913,121,74,23.9,Normal,8.3,6.9,2.4,257,6,6,4,No,Occasional,7
P12034,Male,50,Software Engineer,5.3,3,37,84,6690,129,78,24.5,Normal,9.5,10.0,2.2,355,4,4,3,Yes,None,10
P12035,Female,26,Software Engineer,7.4,8,62,74,11848,114,70,23.0,Normal,7.3,3.9,2.6,166,8,7,6,No,Occasional,4
P12036,Male,45,Salesperson,5.5,3,32,88,6568,130,79,25.0,Overweight,9.7,9.9,2.1,358,4,5,3,Yes,None,10
P12037,Female,34,Engineer,7.6,9,72,70,13577,110,70,22.0,Normal,6.8,3.0,3.0,146,8,8,6,No,Occasional,3
P12038,Female,37,Engineer,6.4,6,52,79,9310,121,74,23.3,Normal,8.6,6.8,2.6,243,6,6,4,No,Frequent,7
P12039,Female,26,Salesperson,8.5,10,78,67,14122,106,66,20.8,Normal,6.2,1.0,2.9,76,10,9,8,No,Occasional,1
P12040,Male,35,Teacher,6.4,5,58,79,8907,123,75,23.9,Normal,8.4,7.0,2.4,259,6,6,4,Yes,Frequent,7
P12041,Male,39,Lawyer,6.2,5,44,82,8382,124,76,24.0,Normal,8.9,8.2,2.3,292,5,6,4,No,Occasional,8
P12042,Male,40,Salesperson,6.0,5,46,81,8024,126,74,24.7,Normal,8.9,8.0,2.4,294,5,6,4,No,Frequent,8
P12043,Female,37,Doctor,5.9,4,42,84,7333,126,77,23.7,Normal,9.1,9.0,2.3,325,5,5,4,No,Occasional,9
P12044,Male,31,Nurse,7.3,8,70,73,11665,115,72,22.2,Normal,7.4,4.1,2.9,173,8,7,6,No,Occasional,4
P12045,Male,36,Salesperson,7.1,7,68,75,11078,115,73,22.5,Normal,7.6,4.9,2.8,194,7,7,5,Yes,None,5
P12046,Female,32,Doctor,7.2,7,63,76,10495,117,75,23.5,Normal,7.8,5.1,2.6,202,7,7,6,No,Occasional,5
P12047,Male,32,Software Engineer,7.5,8,61,73,12838,112,70,23.4,Normal,7.3,4.2,2.7,170,8,8,6,Yes,Occasional,4
P12048,Female,41,Sales Representative,6.2,5,50,80,7924,124,78,25.0,Overweight,8.7,8.0,2.4,286,5,5,4,No,Frequent,8
P12049,Male,39,Sales Representative,6.4,6,53,79,9281,120,76,23.6,Normal,8.3,7.1,2.4,272,6,6,4,No,None,7
P12050,Female,39,Doctor,5.8,4,42,85,7263,124,78,23.6,Normal,9.3,9.1,2.3,330,5,5,3,Yes,None,9
P12051,Female,31,Nurse,7.2,7,65,77,11412,116,74,23.0,Normal,7.9,5.0,2.8,185,7,7,6,No,Occasional,5
P12052,Male,43,Lawyer,6.3,5,47,82,8692,126,76,24.5,Normal,8.8,7.8,2.3,295,5,6,4,No,None,8
P12053,Male,29,Engineer,8.0,9,74,70,12692,108,68,22.1,Normal,6.5,2.0,3.0,100,9,9,7,No,None,2
P12054,Male,33,Scientist,7.2,7,63,73,11784,119,71,22.9,Normal,8.1,5.0,2.6,199,7,7,5,No,Occasional,5
P12055,Female,30,Engineer,7.1,7,61,75,11207,115,73,22.8,Normal,7.8,5.0,2.6,199,7,7,5,Yes,Frequent,5
P12056,Female,37,Nurse,6.8,6,60,76,10053,118,76,23.1,Normal,8.1,5.8,2.7,226,6,6,5,No,Frequent,6
P12057,Female,32,Nurse,7.1,7,60,76,11370,117,70,22.9,Normal,7.9,5.1,2.7,185,7,8,5,No,Frequent,5
P12058,Male,31,Lawyer,7.4,7,67,74,11557,115,71,22.5,Normal,7.4,4.0,2.7,160,8,8,6,Yes,Occasional,4
P12059,Female,35,Engineer,6.0,5,42,82,8795,121,77,24.6,Normal,8.8,8.1,2.4,290,5,5,3,No,None,8
P12060,Female,40,Sales Representative,6.9,6,56,79,10334,122,75,23.4,Normal,8.0,6.1,2.6,243,7,6,5,Yes,Frequent,6
P12061,Male,37,Salesperson,5.8,4,48,83,7619,124,76,25.3,Overweight,9.1,8.9,2.3,311,5,5,3,No,Frequent,9
P12062,Female,27,Doctor,8.1,9,76,67,12826,109,71,21.8,Normal,6.2,2.0,2.9,102,9,9,6,No,None,2
P12063,Male,27,Teacher,6.8,6,57,78,9544,118,74,22.9,Normal,8.2,6.2,2.6,223,6,6,5,No,Occasional,6
P12064,Male,30,Engineer,7.9,10,80,69,14291,114,71,21.0,Normal,6.7,2.0,2.9,105,9,8,7,No,None,2
P12065,Female,29,Scientist,7.8,9,77,70,12981,114,69,22.6,Normal,6.8,3.1,2.8,137,8,8,6,No,Occasional,3
P12066,Female,33,Nurse,7.2,7,62,76,11481,119,72,23.5,Normal,7.6,5.0,2.7,190,7,7,5,No,Occasional,5
P12067,Female,44,Manager,5.8,4,41,87,7183,126,77,24.4,Normal,9.3,9.1,2.3,322,5,5,3,Yes,Occasional,9
P12068,Female,39,Salesperson,6.1,4,40,83,7611,126,77,23.8,Normal,9.3,9.0,2.2,331,5,5,3,No,None,9
P12069,Male,36,Doctor,6.6,6,60,77,9920,118,75,23.4,Normal,8.1,6.1,2.6,239,7,6,4,No,Occasional,6
P12070,Male,26,Teacher,8.1,9,76,68,12626,109,69,21.1,Normal,6.6,2.0,3.0,107,9,8,7,No,Occasional,2
P12071,Female,31,Nurse,7.4,7,68,71,11952,115,72,22.3,Normal,7.4,4.0,2.8,172,8,8,6,No,None,4
P12072,Female,43,Nurse,5.6,3,33,85,6673,129,80,24.9,Normal,9.5,9.9,2.1,356,4,5,3,No,Occasional,10
P12073,Male,38,Nurse,6.8,6,52,78,9778,120,76,23.9,Normal,7.8,6.0,2.6,234,6,6,5,No,Occasional,6
P12074,Male,33,Lawyer,7.4,8,73,73,12476,115,71,21.9,Normal,7.2,4.1,2.8,157,8,8,6,No,Occasional,4
P12075,Female,35,Doctor,7.3,8,69,75,11686,117,72,23.5,Normal,7.1,3.9,2.7,169,8,8,6,No,Frequent,4
P12076,Female,38,Nurse,6.7,6,61,75,10516,120,75,23.8,Normal,8.1,6.1,2.5,235,6,7,5,No,Frequent,6
P12077,Female,31,Sales Representative,6.8,6,56,76,9806,117,74,23.7,Normal,8.0,6.1,2.5,230,7,7,5,No,Occasional,6
P12078,Male,23,Nurse,8.2,9,74,68,13541,109,69,22.3,Normal,6.3,2.0,2.9,104,9,8,7,No,None,2
P12079,Female,43,Lawyer,6.1,5,46,80,8309,123,76,24.1,Normal,9.0,8.0,2.4,301,5,5,4,No,Occasional,8
P12080,Male,30,Engineer,8.0,9,81,68,13513,113,70,21.9,Normal,6.6,1.9,2.9,105,9,8,7,No,Occasional,2
P12081,Male,34,Manager,8.1,10,80,70,13499,110,70,21.6,Normal,6.5,1.9,2.7,108,9,8,7,No,Frequent,2
P12082,Female,34,Teacher,7.5,8,69,74,12173,114,72,23.3,Normal,7.6,4.1,2.6,157,8,7,6,Yes,Occasional,4
P12083,Male,30,Manager,7.4,8,67,71,12643,115,72,22.9,Normal,7.4,3.9,2.8,166,8,8,6,No,Occasional,4
P12084,Male,33,Nurse,7.8,9,73,71,13099,112,71,21.5,Normal,7.0,3.0,2.9,150,9,8,6,No,None,3
P12085,Female,38,Doctor,7.3,7,69,74,10900,116,73,22.8,Normal,7.6,5.1,2.6,210,7,7,5,No,None,5
P12086,Male,40,Doctor,5.4,4,34,87,6662,126,78,24.1,Normal,9.5,10.0,2.2,350,4,4,3,No,Frequent,10
P12087,Female,33,Salesperson,7.5,8,70,73,11878,113,72,22.4,Normal,7.3,3.9,2.5,161,8,8,6,No,None,4
P12088,Female,36,Software Engineer,6.9,6,56,77,9953,119,73,23.4,Normal,7.9,6.0,2.5,236,7,6,5,No,Frequent,6
P12089,Female,34,Engineer,6.9,7,57,76,9945,118,74,23.3,Normal,7.9,5.9,2.5,221,6,6,5,Yes,None,6
P12090,Male,42,Teacher,6.5,6,57,80,8802,125,76,23.8,Normal,8.5,7.0,2.4,274,6,6,4,No,Frequent,7
P12091,Male,28,Teacher,7.7,8,71,70,11787,111,71,22.1,Normal,7.0,3.0,2.7,134,9,8,6,No,Frequent,3
P12092,Male,35,Scientist,6.8,6,60,78,10478,121,72,24.0,Normal,8.1,6.0,2.6,239,7,6,5,No,None,6
P12093,Female,34,Manager,6.8,6,59,78,10253,119,76,23.5,Normal,8.1,5.9,2.5,235,6,6,5,Yes,Frequent,6
P12094,Male,26,Lawyer,8.1,9,77,69,13618,111,69,21.8,Normal,6.7,2.0,3.0,110,9,8,7,No,None,2
P12095,Male,34,Doctor,7.2,7,61,76,11491,117,74,23.4,Normal,7.8,5.1,2.5,191,7,7,6,No,None,5
P12096,Female,27,Lawyer,7.6,9,70,69,12407,114,70,22.1,Normal,7.1,3.0,2.8,135,9,9,6,No,None,3
P12097,Male,33,Manager,8.3,9,76,69,13219,111,68,21.8,Normal,6.6,1.9,3.0,117,9,9,7,No,None,2
P12098,Female,37,Software Engineer,6.3,6,52,80,9872,123,77,23.7,Normal,8.6,6.9,2.5,273,6,6,4,No,Frequent,7
P12099,Male,42,Manager,6.4,5,52,80,8347,123,76,23.0,Normal,8.2,7.0,2.5,262,6,5,4,Yes,Frequent,7
P12100,Male,32,Scientist,6.2,5,43,84,7652,123,76,24.6,Normal,8.9,8.0,2.4,293,6,5,4,No,Occasional,8
P12101,Female,34,Salesperson,7.3,7,67,75,10562,115,72,23.6,Normal,7.5,5.1,2.7,201,7,7,5,No,Occasional,5
P12102,Female,34,Doctor,7.3,8,62,73,11054,115,70,23.6,Normal,7.3,4.0,2.8,182,8,8,6,No,None,4
P12103,Male,42,Teacher,6.9,6,52,76,9462,120,73,23.5,Normal,7.8,6.0,2.7,230,7,6,5,No,Occasional,6
P12104,Female,36,Nurse,6.9,6,56,77,10927,118,76,23.4,Normal,8.1,6.0,2.5,225,7,6,5,No,Frequent,6
P12105,Male,36,Teacher,5.7,4,39,83,7329,125,76,24.4,Normal,9.2,9.1,2.3,314,5,5,3,No,None,9
P12106,Female,31,Salesperson,7.7,8,73,73,12733,111,71,22.0,Normal,7.1,3.0,2.9,132,9,8,6,No,Occasional,3
P12107,Male,21,Doctor,8.4,10,84,66,13590,106,65,21.8,Normal,6.3,1.0,3.1,71,10,9,7,No,None,1
P12108,Male,37,Teacher,6.9,7,61,76,11660,117,72,23.1,Normal,8.0,5.0,2.6,197,7,7,5,No,None,5
P12109,Female,41,Scientist,5.7,3,38,83,6568,129,78,25.2,Overweight,9.7,10.0,2.1,353,4,4,3,Yes,Occasional,10
P12110,Male,37,Software Engineer,6.2,5,48,81,7875,124,78,23.6,Normal,9.0,8.1,2.4,299,5,5,4,No,Occasional,8
P12111,Male,38,Nurse,5.3,3,32,86,6343,126,78,25.5,Overweight,9.5,10.0,2.1,351,4,4,3,No,Occasional,10
P12112,Female,35,Software Engineer,6.9,6,57,76,10072,121,72,23.1,Normal,8.2,5.9,2.6,231,7,6,5,No,None,6
P12113,Female,36,Software Engineer,7.2,7,59,74,10882,119,74,22.7,Normal,7.7,5.0,2.6,189,7,7,6,No,Occasional,5
P12114,Female,37,Scientist,7.7,9,72,71,13027,115,70,21.9,Normal,7.0,3.0,3.0,133,8,8,6,No,None,3
P12115,Male,38,Teacher,6.5,5,53,81,8933,120,76,23.5,Normal,8.5,7.1,2.4,275,6,6,4,No,Occasional,7
P12116,Female,27,Nurse,8.1,9,74,69,13751,114,68,21.5,Normal,6.8,1.8,2.9,114,9,8,7,No,Occasional,2
P12117,Male,35,Teacher,6.6,5,53,80,9471,122,76,23.6,Normal,8.6,7.1,2.4,257,6,6,4,No,Frequent,7
P12118,Female,34,Nurse,6.7,5,58,79,9607,122,73,23.0,Normal,8.5,7.0,2.5,264,6,6,4,No,None,7
P12119,Female,32,Salesperson,7.5,8,65,73,11999,117,72,21.7,Normal,7.3,4.1,2.8,170,8,8,6,No,Occasional,4
P12120,Female,37,Lawyer,6.0,5,42,83,8197,120,76,24.4,Normal,9.0,8.0,2.4,288,6,5,4,No,Occasional,8
P12121,Female,34,Scientist,7.1,7,65,78,9886,117,73,22.8,Normal,7.7,5.0,2.7,204,7,7,5,Yes,Occasional,5
P12122,Male,28,Sales Representative,8.1,9,77,68,13413,111,68,22.0,Normal,6.7,2.0,3.0,111,9,9,7,No,Occasional,2
P12123,Male,34,Lawyer,6.3,6,55,79,8561,119,75,24.1,Normal,8.5,7.0,2.5,261,6,6,4,No,Frequent,7
P12124,Male,41,Manager,5.6,4,40,84,7242,123,79,24.8,Normal,9.3,9.0,2.3,330,4,5,3,Yes,Frequent,9
P12125,Male,39,Software Engineer,5.5,3,34,85,6536,128,79,24.2,Normal,9.4,10.0,2.2,360,4,4,3,No,None,10
P12126,Female,33,Nurse,7.6,8,68,74,12286,114,72,22.6,Normal,7.5,4.0,2.7,167,8,7,6,No,Occasional,4
P12127,Female,34,Salesperson,7.1,7,59,75,10829,114,73,22.6,Normal,7.5,5.0,2.6,205,8,7,6,No,Occasional,5
P12128,Male,44,Lawyer,5.7,4,45,83,7629,126,76,24.6,Normal,9.4,9.0,2.3,321,5,5,4,No,Occasional,9
P12129,Male,26,Lawyer,8.3,10,78,65,14449,106,67,21.7,Normal,6.0,1.0,3.0,77,10,9,8,No,Frequent,1
P12130,Female,25,Lawyer,8.0,9,79,69,14476,106,69,21.9,Normal,6.5,2.1,2.7,99,10,9,7,No,None,2
P12131,Male,32,Salesperson,7.8,8,74,71,13328,111,70,22.4,Normal,7.1,3.0,2.9,140,8,8,6,No,Frequent,3
P12132,Female,48,Nurse,5.4,4,41,86,6256,130,79,25.3,Overweight,9.6,10.0,2.1,354,4,4,3,Yes,Frequent,10
P12133,Male,37,Teacher,6.6,5,50,81,8390,120,73,23.7,Normal,8.4,7.1,2.5,266,6,6,4,No,Occasional,7
P12134,Male,39,Engineer,5.7,4,47,81,7424,127,77,24.3,Normal,9.2,8.8,2.3,315,4,4,4,No,Occasional,9
P12135,Female,32,Salesperson,7.7,8,74,70,11979,112,69,22.4,Normal,6.9,3.0,2.7,134,9,8,6,No,Occasional,3
P12136,Female,32,Manager,7.8,8,73,70,13056,115,71,22.2,Normal,6.9,2.9,2.8,137,9,8,6,No,Occasional,3
P12137,Male,43,Manager,5.4,3,34,84,6918,125,78,25.3,Overweight,9.7,10.0,2.1,351,4,4,3,No,Occasional,10
P12138,Male,34,Salesperson,6.8,6,61,78,9975,122,73,23.4,Normal,8.1,6.0,2.5,224,6,7,5,No,Occasional,6
P12139,Male,42,Lawyer,5.5,3,38,86,6426,127,78,25.1,Overweight,9.7,10.0,2.2,349,4,4,3,No,Frequent,10
P12140,Female,46,Lawyer,5.3,3,36,85,6077,130,79,24.2,Normal,9.7,10.0,2.2,347,4,4,3,No,None,10
P12141,Female,29,Nurse,8.2,9,78,67,13573,111,70,22.4,Normal,6.8,2.0,3.0,97,9,9,7,No,Frequent,2
P12142,Male,31,Lawyer,6.3,5,50,79,8982,119,74,24.9,Normal,8.7,7.0,2.5,261,6,6,4,No,Occasional,7
P12143,Female,34,Software Engineer,6.9,7,60,75,11169,118,73,23.2,Normal,7.9,5.1,2.6,205,7,7,5,Yes,None,5
P12144,Male,32,Software Engineer,7.8,9,75,71,13460,109,71,22.6,Normal,6.9,3.1,2.8,140,9,8,6,No,None,3
P12145,Female,28,Nurse,7.5,8,70,72,12470,117,72,22.8,Normal,7.6,3.8,2.7,158,8,8,6,No,None,4
P12146,Male,39,Scientist,5.7,4,43,82,8331,128,76,24.7,Normal,9.2,9.0,2.3,321,5,5,3,No,None,9
P12147,Female,24,Teacher,8.5,10,85,66,14075,109,68,20.7,Normal,6.3,1.0,3.1,72,10,9,7,No,None,1
P12148,Male,22,Teacher,8.1,9,73,68,13884,113,68,21.5,Normal,6.8,2.0,2.9,113,8,9,7,No,None,2
P12149,Male,19,Salesperson,8.3,10,84,66,14873,107,68,21.9,Normal,6.2,1.0,3.0,78,10,9,7,No,Occasional,1
P12150,Male,35,Engineer,7.1,7,58,76,11018,117,73,22.8,Normal,7.6,5.1,2.8,186,7,7,5,No,Frequent,5
P12151,Male,49,Manager,5.1,3,39,85,6614,132,79,25.5,Overweight,9.8,10.0,2.3,357,4,4,3,No,Frequent,10
P12152,Female,38,Lawyer,5.4,4,37,86,6739,125,76,25.0,Overweight,9.8,10.0,2.3,352,4,5,2,No,None,10
P12153,Female,22,Sales Representative,8.6,10,80,67,14198,105,68,20.9,Normal,6.0,1.0,2.9,88,10,9,8,No,Occasional,1
P12154,Male,43,Salesperson,6.3,6,53,81,8254,123,76,24.0,Normal,8.4,7.1,2.5,253,6,6,4,No,None,7
P12155,Female,28,Scientist,8.6,10,87,68,14699,108,67,22.0,Normal,6.3,1.0,3.0,77,10,9,7,No,None,1
P12156,Female,33,Teacher,7.1,7,63,76,10538,118,72,23.1,Normal,7.5,5.1,2.6,214,7,7,6,No,Occasional,5
P12157,Female,31,Software Engineer,8.5,10,82,67,13822,109,69,21.8,Normal,6.2,1.0,3.0,69,10,10,7,No,Occasional,1
P12158,Male,37,Doctor,5.8,4,42,83,7591,125,77,24.5,Normal,9.3,9.0,2.3,318,4,4,3,No,Occasional,9
P12159,Male,39,Engineer,5.7,4,37,83,6934,125,77,23.9,Normal,9.4,9.0,2.3,336,5,5,3,Yes,None,9
P12160,Female,43,Lawyer,5.6,3,36,84,5101,126,78,24.9,Normal,9.7,10.0,2.2,354,4,4,3,No,Frequent,10
P12161,Male,48,Nurse,5.5,3,39,87,6241,129,79,25.1,Overweight,9.4,10.0,2.3,365,4,4,3,Yes,Occasional,10
P12162,Male,40,Scientist,6.0,5,45,81,7755,123,75,24.2,Normal,8.9,7.9,2.5,303,5,5,4,No,Occasional,8
P12163,Female,44,Scientist,5.2,3,38,86,6625,128,78,25.4,Overweight,9.5,10.0,2.2,359,4,4,3,No,Frequent,10
P12164,Female,32,Nurse,7.3,8,72,74,11954,112,69,21.5,Normal,7.5,3.9,2.8,167,8,8,6,No,Occasional,4
P12165,Male,40,Engineer,5.8,4,41,83,7036,128,78,24.4,Normal,9.0,9.1,2.2,318,5,4,3,Yes,Occasional,9
P12166,Female,39,Doctor,6.5,6,53,78,8946,124,74,23.3,Normal,8.7,7.1,2.5,263,6,6,4,No,Frequent,7
P12167,Male,41,Manager,6.6,6,48,79,8849,121,76,23.9,Normal,8.3,7.0,2.5,262,6,6,4,No,None,7
P12168,Male,26,Salesperson,8.0,8,69,71,12926,110,70,22.3,Normal,7.0,3.1,2.8,128,8,8,7,No,Occasional,3
P12169,Female,33,Manager,5.6,5,43,84,7423,127,75,25.0,Overweight,9.3,9.0,2.3,326,5,5,3,No,None,9
P12170,Male,37,Engineer,5.7,4,45,83,7787,125,79,24.9,Normal,9.5,9.1,2.3,334,5,5,3,No,Occasional,9
P12171,Female,43,Scientist,5.3,3,34,86,5958,128,78,25.9,Overweight,9.5,10.0,2.3,356,4,4,3,No,None,10
P12172,Female,30,Salesperson,8.6,10,86,67,14186,107,69,22.1,Normal,6.3,1.0,3.0,85,10,10,7,No,None,1
P12173,Female,30,Salesperson,8.4,10,84,67,14431,109,65,22.1,Normal,6.1,1.0,3.0,62,10,10,7,No,None,1
P12174,Male,37,Nurse,6.9,6,56,79,10611,118,72,23.1,Normal,8.1,6.1,2.7,216,7,6,4,No,Frequent,6
P12175,Female,38,Lawyer,7.0,8,62,75,10715,119,71,23.7,Normal,7.7,5.1,2.7,199,7,7,6,No,None,5
P12176,Male,41,Lawyer,6.3,5,51,79,9819,122,75,23.1,Normal,8.5,7.0,2.3,255,6,6,4,Yes,Occasional,7
P12177,Male,34,Engineer,7.3,8,59,73,12368,115,73,22.8,Normal,7.1,4.0,2.7,170,8,8,6,No,None,4
P12178,Male,38,Lawyer,6.4,6,55,79,9420,122,75,23.3,Normal,8.7,7.0,2.4,254,6,6,4,No,None,7
P12179,Male,35,Sales Representative,7.2,7,65,75,10390,115,73,22.5,Normal,7.8,4.8,2.7,192,7,7,6,No,Frequent,5
P12180,Male,38,Manager,7.1,7,62,74,11258,121,73,23.8,Normal,7.7,5.0,2.7,196,7,8,5,No,Frequent,5
P12181,Male,38,Salesperson,6.7,6,59,74,10371,118,76,23.3,Normal,8.2,6.0,2.5,236,7,6,5,No,None,6
P12182,Female,35,Sales Representative,6.9,6,57,77,9467,118,73,22.3,Normal,8.3,6.0,2.6,239,7,7,5,No,Occasional,6
P12183,Female,35,Doctor,7.0,7,67,75,11442,118,74,22.3,Normal,7.7,4.9,2.8,193,7,7,5,No,Occasional,5
P12184,Female,26,Teacher,8.0,8,75,70,12606,112,70,22.9,Normal,6.9,3.0,2.8,143,9,9,7,No,None,3
P12185,Female,29,Scientist,7.6,8,67,74,11538,117,70,22.2,Normal,7.2,3.9,2.7,182,8,8,5,No,Occasional,4
P12186,Female,39,Engineer,6.0,5,49,82,7764,121,76,24.5,Normal,9.0,7.9,2.3,298,5,5,4,No,None,8
P12187,Male,31,Nurse,7.2,7,63,76,10920,116,71,22.3,Normal,7.8,5.0,2.6,205,7,7,6,No,Occasional,5
P12188,Male,37,Teacher,6.3,6,58,82,8812,117,77,23.0,Normal,8.4,6.9,2.5,253,6,6,4,Yes,Occasional,7
P12189,Male,32,Doctor,7.3,7,64,73,11453,118,71,23.2,Normal,7.7,5.0,2.6,212,7,7,5,Yes,None,5
P12190,Female,24,Scientist,8.2,9,78,69,12767,109,68,21.2,Normal,6.7,1.9,3.0,102,9,9,7,No,Occasional,2
P12191,Male,25,Nurse,7.9,9,75,72,13288,111,70,21.9,Normal,6.6,1.9,3.0,104,9,9,7,No,Occasional,2
P12192,Male,30,Engineer,8.5,10,84,67,13274,111,66,22.0,Normal,5.9,1.0,3.1,72,10,9,8,No,Occasional,1
P12193,Female,36,Scientist,6.5,5,54,80,8500,124,76,23.6,Normal,8.5,7.0,2.4,269,6,6,4,Yes,Frequent,7
P12194,Female,27,Manager,8.6,10,79,66,14937,107,69,21.6,Normal,6.3,1.0,3.0,75,10,9,7,No,Occasional,1
P12195,Male,38,Lawyer,6.5,5,50,78,9007,122,73,23.5,Normal,8.5,6.9,2.4,257,6,6,4,No,None,7
P12196,Female,38,Scientist,6.5,6,53,79,9339,122,76,23.9,Normal,8.5,7.0,2.5,259,6,6,4,No,None,7
P12197,Female,36,Salesperson,5.9,4,42,86,7806,127,77,25.0,Overweight,9.0,9.0,2.3,317,4,5,3,Yes,Frequent,9
P12198,Male,37,Scientist,6.9,6,61,76,11317,117,75,22.6,Normal,8.3,6.0,2.7,228,7,7,5,No,Occasional,6
P12199,Male,28,Nurse,7.4,8,71,73,11940,115,70,23.3,Normal,7.4,4.1,2.7,162,8,8,6,No,None,4
P12200,Female,44,Manager,5.8,4,40,84,7648,129,77,24.3,Normal,9.3,8.9,2.1,314,5,4,3,No,None,9
P12201,Female,20,Lawyer,8.4,10,85,63,14701,109,69,21.2,Normal,6.1,1.0,3.0,76,10,9,7,No,None,1
P12202,Male,41,Manager,6.1,5,43,80,8155,123,75,23.8,Normal,8.6,8.0,2.5,284,5,5,4,Yes,Frequent,8
P12203,Male,33,Engineer,6.3,6,55,81,9486,123,74,23.9,Normal,8.4,6.9,2.4,267,6,5,4,No,Occasional,7
P12204,Male,39,Doctor,6.1,5,43,81,7993,123,75,24.5,Normal,9.1,8.0,2.5,288,5,5,4,No,None,8
P12205,Female,35,Nurse,6.7,5,47,79,9638,122,76,23.4,Normal,8.5,7.1,2.4,279,6,6,4,No,Occasional,7
P12206,Male,29,Doctor,7.8,8,70,70,12836,111,71,22.5,Normal,6.7,3.0,2.8,138,8,8,6,No,None,3
P12207,Female,29,Lawyer,8.4,10,82,65,13623,106,68,21.6,Normal,6.4,1.0,2.9,75,10,10,7,No,None,1
P12208,Female,27,Scientist,7.3,8,69,72,11460,112,71,22.5,Normal,7.5,4.0,2.8,161,8,8,6,Yes,Occasional,4
P12209,Male,36,Nurse,6.8,6,53,75,11176,119,74,23.1,Normal,8.2,6.0,2.6,218,7,7,4,No,None,6
P12210,Male,32,Doctor,7.6,8,71,72,11397,113,70,23.2,Normal,7.2,4.0,2.8,172,8,7,5,Yes,Occasional,4
P12211,Female,41,Scientist,6.3,6,49,78,8134,122,75,23.8,Normal,8.7,6.9,2.5,283,6,6,4,Yes,None,7
P12212,Female,37,Manager,7.1,7,58,76,11342,118,73,23.0,Normal,7.5,5.0,2.7,206,7,7,6,No,None,5
P12213,Male,26,Sales Representative,8.6,10,81,66,15488,110,66,21.0,Normal,6.1,1.0,3.1,78,10,9,7,No,Occasional,1
P12214,Female,40,Salesperson,5.4,3,37,85,6671,130,78,25.4,Overweight,9.9,10.0,2.2,359,4,4,3,Yes,Occasional,10
P12215,Female,51,Doctor,5.3,3,35,85,6264,131,80,24.1,Normal,9.8,10.0,2.3,352,4,4,2,No,None,10
P12216,Male,37,Salesperson,7.0,6,59,78,9807,121,75,23.1,Normal,8.1,6.0,2.7,228,7,6,5,No,None,6
P12217,Male,40,Software Engineer,5.5,3,35,87,5903,128,79,24.8,Normal,9.6,9.9,2.4,365,4,5,3,No,Frequent,10
P12218,Female,31,Sales Representative,7.0,7,59,74,11344,115,72,22.9,Normal,7.6,5.1,2.6,206,7,7,6,Yes,None,5
P12219,Female,23,Doctor,7.4,8,69,71,12172,114,71,22.7,Normal,7.0,3.9,2.6,170,8,8,5,No,Occasional,4
P12220,Female,28,Scientist,8.3,9,74,68,13971,106,68,21.8,Normal,6.7,2.0,2.9,122,9,8,7,No,Frequent,2
P12221,Male,29,Salesperson,7.7,8,70,72,12754,113,70,22.0,Normal,6.9,3.0,2.9,139,9,8,6,No,Occasional,3
P12222,Female,31,Lawyer,8.2,9,79,68,13228,108,68,22.0,Normal,6.3,2.1,3.0,100,9,9,7,No,Occasional,2
P12223,Female,35,Lawyer,6.3,6,47,79,9322,124,76,23.0,Normal,8.5,7.0,2.4,260,6,6,5,No,Frequent,7
P12224,Male,38,Software Engineer,6.3,6,48,81,9010,124,74,23.9,Normal,8.4,7.0,2.5,269,6,6,4,Yes,None,7
P12225,Female,35,Sales Representative,6.6,6,62,75,10630,116,74,23.3,Normal,7.9,6.1,2.5,226,6,6,4,No,Frequent,6
P12226,Male,35,Engineer,7.6,8,69,73,12181,112,71,21.8,Normal,7.3,4.1,2.8,161,8,8,6,No,Occasional,4
P12227,Male,34,Salesperson,6.9,7,69,75,11014,115,71,22.9,Normal,7.6,5.0,2.6,199,7,7,5,No,Frequent,5
P12228,Female,33,Scientist,6.7,7,55,78,9881,119,72,23.2,Normal,8.1,5.9,2.5,229,7,6,5,No,Frequent,6
P12229,Female,28,Manager,8.4,10,90,68,15291,109,68,21.0,Normal,6.1,1.0,3.1,78,10,9,7,No,None,1
P12230,Female,41,Doctor,6.5,5,54,79,9441,124,74,23.4,Normal,8.2,7.0,2.4,254,6,6,4,Yes,Frequent,7
P12231,Female,37,Lawyer,5.8,4,37,83,7001,128,76,25.0,Overweight,9.3,9.1,2.3,316,4,5,4,No,Frequent,9
P12232,Male,34,Manager,7.6,9,69,73,12846,113,69,22.6,Normal,7.0,3.1,2.6,143,8,8,6,Yes,Occasional,3
P12233,Female,39,Engineer,5.4,4,36,86,6544,126,78,24.9,Normal,9.8,10.0,2.2,363,4,4,3,No,Occasional,10
P12234,Male,50,Engineer,5.5,3,36,86,6165,129,80,25.7,Overweight,9.8,10.0,2.2,356,4,5,3,Yes,Occasional,10
P12235,Male,37,Software Engineer,6.5,6,49,79,8912,120,76,24.3,Normal,8.5,6.9,2.5,258,6,6,4,Yes,Frequent,7
P12236,Female,32,Scientist,7.6,9,73,71,12116,111,68,22.6,Normal,6.7,3.2,2.9,136,9,8,6,No,Frequent,3
P12237,Female,33,Salesperson,7.4,8,68,73,13072,116,71,22.5,Normal,7.5,3.9,2.7,162,8,8,6,No,Occasional,4
P12238,Male,30,Doctor,8.6,10,82,67,14707,105,69,21.7,Normal,6.2,1.1,3.0,80,10,9,8,No,None,1
P12239,Male,26,Teacher,8.6,10,82,65,14934,106,69,21.6,Normal,6.4,1.0,3.0,73,10,9,8,No,None,1
P12240,Female,45,Nurse,5.2,4,37,87,5497,127,78,24.7,Normal,9.5,10.0,2.2,364,4,4,3,No,Occasional,10
P12241,Female,34,Teacher,7.2,7,58,75,11159,115,73,23.0,Normal,7.4,4.9,2.7,189,7,7,5,No,Occasional,5
P12242,Female,30,Nurse,7.9,8,77,72,12082,109,70,21.6,Normal,6.9,3.0,3.0,143,8,8,6,No,Occasional,3
P12243,Female,32,Lawyer,5.8,4,40,84,7154,127,76,24.4,Normal,9.0,9.0,2.1,330,5,5,3,No,None,9
P12244,Female,20,Nurse,8.6,10,81,67,14511,107,68,21.8,Normal,6.1,1.0,3.2,82,10,9,7,No,Occasional,1
P12245,Female,37,Lawyer,6.3,5,51,79,8772,122,75,23.8,Normal,8.3,7.1,2.3,251,6,6,4,No,Occasional,7
P12246,Female,29,Teacher,8.3,10,83,66,14045,107,67,21.3,Normal,5.9,1.0,3.0,63,10,9,7,No,None,1
P12247,Male,27,Scientist,8.5,10,81,65,14381,110,68,21.4,Normal,6.3,1.0,3.1,79,10,9,7,No,Occasional,1
P12248,Male,45,Nurse,5.4,4,41,83,6786,126,79,24.7,Normal,9.4,9.0,2.3,322,5,5,3,No,Frequent,9
P12249,Female,40,Doctor,6.2,5,54,82,8475,124,78,24.2,Normal,8.9,8.1,2.4,291,5,6,4,No,Frequent,8
P12250,Female,31,Sales Representative,8.6,10,81,68,14959,109,68,21.0,Normal,6.3,1.0,3.0,79,10,9,7,No,None,1
P12251,Male,45,Nurse,5.7,4,42,82,7568,129,76,24.6,Normal,9.2,8.9,2.3,320,5,4,3,No,Frequent,9
P12252,Female,32,Doctor,7.1,7,65,75,10551,117,74,23.1,Normal,7.6,5.0,2.6,205,7,7,5,No,Frequent,5
P12253,Male,26,Software Engineer,7.9,9,74,69,12682,113,72,22.1,Normal,6.8,3.0,2.8,131,9,9,6,No,Frequent,3
P12254,Female,24,Lawyer,8.3,9,75,68,12662,108,67,22.3,Normal,6.5,2.0,2.8,107,9,8,7,No,None,2
P12255,Male,32,Nurse,6.7,6,50,75,10294,118,75,23.8,Normal,7.8,6.0,2.5,239,6,7,5,No,None,6
P12256,Female,38,Doctor,7.0,7,62,75,10810,120,74,23.0,Normal,7.6,5.1,2.6,202,7,7,5,No,Occasional,5
P12257,Female,31,Nurse,8.0,9,79,69,13851,111,68,21.8,Normal,6.7,2.0,3.0,99,9,9,7,No,None,2
P12258,Female,37,Nurse,6.0,5,44,82,8014,129,74,24.1,Normal,8.5,8.1,2.3,283,5,6,4,No,Occasional,8
P12259,Male,46,Doctor,6.1,5,41,85,8287,125,77,23.9,Normal,9.0,7.8,2.5,285,5,5,4,No,None,8
P12260,Male,37,Scientist,7.3,8,65,73,11873,116,71,22.6,Normal,7.0,4.1,2.9,176,7,7,6,No,None,4
P12261,Female,33,Teacher,6.9,6,57,77,10310,117,73,22.6,Normal,8.1,6.0,2.6,236,6,6,5,Yes,Frequent,6
P12262,Male,41,Software Engineer,6.1,5,46,82,8760,123,77,23.7,Normal,8.8,8.0,2.4,303,5,5,4,No,None,8
P12263,Male,29,Software Engineer,7.9,9,68,71,13399,111,72,21.7,Normal,6.8,3.1,2.9,128,8,8,6,No,None,3
P12264,Female,31,Manager,7.2,6,58,74,11028,116,72,22.6,Normal,7.7,5.0,2.6,189,7,7,5,No,None,5
P12265,Female,36,Lawyer,6.3,5,51,80,8880,121,73,22.8,Normal,8.3,7.0,2.5,257,6,6,4,No,None,7
P12266,Male,35,Salesperson,7.0,6,52,78,10285,117,73,22.8,Normal,8.0,5.9,2.5,226,7,7,5,No,None,6
P12267,Male,33,Scientist,6.8,6,55,77,9595,121,74,22.6,Normal,8.2,6.0,2.6,234,6,7,5,No,Occasional,6
P12268,Male,32,Nurse,7.7,9,71,70,12723,113,72,22.5,Normal,6.9,3.0,2.8,141,8,8,6,No,None,3
P12269,Female,26,Doctor,7.4,7,67,73,12194,114,70,23.2,Normal,7.4,4.0,2.6,167,8,7,6,No,Occasional,4
P12270,Male,36,Sales Representative,6.3,6,51,81,9561,120,75,23.7,Normal,8.6,6.9,2.5,257,6,6,4,Yes,Occasional,7
P12271,Male,24,Salesperson,8.3,10,85,66,14762,110,68,21.9,Normal,6.1,1.1,3.0,73,10,9,8,Yes,None,1
P12272,Male,36,Manager,6.2,5,51,81,8385,122,75,22.9,Normal,9.0,8.0,2.3,297,5,5,3,No,None,8
P12273,Female,44,Software Engineer,5.4,3,31,86,6738,124,78,24.7,Normal,9.7,9.9,1.9,360,4,4,3,No,Frequent,10
P12274,Female,31,Manager,7.1,7,68,76,10847,117,72,22.9,Normal,7.7,5.1,2.7,204,7,7,5,No,Occasional,5
P12275,Male,25,Doctor,8.6,10,85,68,14943,108,67,22.0,Normal,6.4,1.0,3.1,73,10,9,8,No,Occasional,1
P12276,Male,29,Lawyer,8.0,9,81,69,13136,108,71,22.2,Normal,6.5,2.1,3.0,101,9,9,7,No,Occasional,2
P12277,Female,34,Engineer,7.3,8,66,73,12132,116,73,22.8,Normal,7.3,4.0,2.7,167,8,8,6,No,None,4
P12278,Female,48,Nurse,5.4,3,35,86,6670,130,79,24.9,Normal,9.6,9.8,2.1,352,4,4,3,No,Occasional,10
P12279,Male,40,Scientist,5.5,4,43,86,7835,127,79,24.7,Normal,9.3,9.1,2.3,325,5,4,3,Yes,Occasional,9
P12280,Female,27,Lawyer,8.2,9,77,69,13679,111,69,22.3,Normal,6.5,1.9,2.8,107,9,9,7,No,None,2
P12281,Female,32,Sales Representative,8.1,9,84,69,13953,111,70,22.4,Normal,6.5,2.0,2.9,95,9,9,7,Yes,None,2
P12282,Male,37,Doctor,8.1,9,78,70,13921,110,69,21.8,Normal,6.5,1.8,2.9,100,9,9,7,No,None,2
P12283,Male,37,Lawyer,6.6,6,57,78,10047,121,74,23.4,Normal,8.1,6.0,2.6,223,7,6,5,Yes,Occasional,6
P12284,Female,29,Doctor,7.4,8,71,72,12139,112,70,23.0,Normal,7.2,4.1,2.7,160,8,7,6,No,None,4
P12285,Female,26,Engineer,8.6,10,84,65,13983,106,67,22.1,Normal,6.0,1.0,3.0,85,10,9,7,No,None,1
P12286,Female,28,Sales Representative,8.0,9,77,69,13141,110,70,22.3,Normal,6.8,2.0,2.9,110,10,8,7,No,None,2
P12287,Male,31,Salesperson,7.4,8,70,74,11475,115,71,23.1,Normal,7.2,4.1,2.7,170,8,7,6,No,Frequent,4
P12288,Male,40,Scientist,6.8,7,60,79,9811,116,75,23.2,Normal,8.1,6.0,2.6,239,7,7,5,No,Occasional,6
P12289,Female,42,Teacher,6.0,5,47,81,7993,122,73,24.5,Normal,8.9,8.1,2.3,289,5,5,4,No,Occasional,8
P12290,Male,46,Doctor,6.1,5,45,81,8776,123,76,23.8,Normal,8.7,8.0,2.3,295,5,6,4,No,None,8
P12291,Female,31,Nurse,8.4,10,82,67,14673,105,67,21.6,Normal,6.0,1.0,2.9,77,10,9,7,No,Occasional,1
P12292,Female,28,Sales Representative,7.2,8,73,74,11369,115,71,22.3,Normal,7.5,3.9,2.8,173,8,8,5,No,Occasional,4
P12293,Female,34,Scientist,6.3,5,51,82,9606,122,74,23.0,Normal,8.5,7.0,2.5,255,6,6,4,No,Frequent,7
P12294,Male,21,Teacher,8.6,10,88,66,14518,108,67,20.7,Normal,6.6,1.0,3.0,80,10,9,8,No,Occasional,1
P12295,Male,25,Engineer,8.3,10,81,63,15582,108,68,21.1,Normal,6.1,1.0,3.0,79,10,9,8,No,Occasional,1
P12296,Male,31,Lawyer,7.5,8,67,75,11179,113,72,22.9,Normal,6.9,4.0,2.8,166,8,7,6,No,Occasional,4
P12297,Male,42,Lawyer,5.3,3,39,86,6662,129,79,24.9,Normal,9.4,10.0,2.3,345,4,4,3,No,Frequent,10
P12298,Male,35,Engineer,7.0,7,59,76,11766,118,73,22.5,Normal,7.7,5.0,2.7,199,8,7,5,No,None,5
P12299,Male,37,Software Engineer,6.2,5,43,82,8645,121,74,24.4,Normal,8.8,8.0,2.4,303,6,6,4,No,Frequent,8
P12300,Male,30,Teacher,7.5,8,65,73,12109,118,72,22.0,Normal,7.4,4.0,2.7,164,8,7,6,No,Occasional,4
P12301,Male,50,Scientist,5.6,4,42,84,7496,126,77,24.6,Normal,9.2,9.1,2.3,315,5,5,3,No,None,9
P12302,Female,43,Software Engineer,6.1,5,46,82,8384,125,76,23.9,Normal,8.7,7.9,2.3,295,5,5,3,No,Occasional,8
P12303,Female,37,Nurse,7.1,7,64,75,10851,113,75,22.7,Normal,7.5,5.0,2.7,194,7,7,5,No,Occasional,5
P12304,Female,33,Doctor,8.1,9,74,67,13719,107,69,22.0,Normal,6.4,2.1,3.0,90,9,9,6,No,Occasional,2
P12305,Male,41,Software Engineer,5.8,5,47,81,8460,125,75,24.4,Normal,8.8,7.9,2.3,289,5,5,4,No,None,8
P12306,Male,37,Scientist,6.5,6,48,79,9626,120,74,22.8,Normal,8.6,7.1,2.6,277,6,6,4,No,Frequent,7
P12307,Female,27,Lawyer,8.1,9,82,70,13680,109,68,21.9,Normal,6.5,2.0,2.8,115,9,9,7,No,None,2
P12308,Male,30,Teacher,7.4,8,68,71,11524,113,71,22.1,Normal,7.4,4.1,2.8,172,8,7,6,No,Occasional,4
P12309,Male,41,Salesperson,7.2,7,59,77,10480,119,73,22.9,Normal,7.8,4.9,2.6,187,7,7,5,No,Occasional,5
P12310,Male,39,Engineer,6.0,4,40,83,7467,126,76,24.6,Normal,9.4,9.0,2.3,335,4,5,3,Yes,Occasional,9
P12311,Male,33,Salesperson,7.2,7,60,73,10446,115,72,22.9,Normal,7.5,5.0,2.6,189,7,7,5,No,None,5
P12312,Male,42,Salesperson,6.4,5,55,79,9114,122,75,23.5,Normal,8.6,6.9,2.6,265,6,5,5,No,Frequent,7
P12313,Female,32,Salesperson,7.7,9,76,69,13059,112,71,22.0,Normal,7.0,2.9,2.9,129,8,8,6,No,Occasional,3
P12314,Male,33,Nurse,6.7,6,55,78,9373,116,73,23.0,Normal,8.1,6.0,2.7,224,7,7,5,No,None,6
P12315,Female,41,Doctor,5.9,5,44,82,8455,123,75,24.3,Normal,8.9,7.9,2.2,298,5,5,4,Yes,Occasional,8
P12316,Male,40,Software Engineer,6.4,5,51,78,9377,124,77,24.1,Normal,8.6,6.8,2.6,254,6,6,4,No,Occasional,7
P12317,Male,42,Nurse,5.4,3,38,86,6570,131,81,25.6,Overweight,9.7,10.0,2.4,355,4,5,2,No,Occasional,10
P12318,Female,24,Scientist,8.2,10,79,69,13650,111,69,22.4,Normal,6.5,1.9,3.0,109,9,9,7,No,None,2
P12319,Male,31,Manager,7.2,7,62,77,11427,117,71,22.8,Normal,7.9,5.1,2.7,208,7,7,5,No,Occasional,5
P12320,Male,37,Manager,7.2,7,60,74,11347,116,75,23.1,Normal,7.7,5.2,2.5,204,7,7,5,No,Occasional,5
P12321,Female,28,Salesperson,8.4,10,82,69,14987,108,70,21.7,Normal,6.3,1.0,3.0,78,10,9,7,No,Occasional,1
P12322,Male,42,Software Engineer,6.4,6,54,81,9556,119,77,23.2,Normal,8.6,7.0,2.5,269,6,5,5,Yes,None,7
P12323,Male,31,Scientist,7.6,8,67,73,11663,117,73,22.5,Normal,7.3,4.0,2.6,162,8,7,5,No,None,4
P12324,Female,44,Lawyer,5.5,3,36,87,6989,128,78,24.2,Normal,9.7,10.0,2.4,344,4,4,3,No,None,10
P12325,Male,27,Software Engineer,8.3,10,86,66,14494,106,68,21.9,Normal,6.3,1.0,3.1,83,10,9,7,Yes,None,1
P12326,Male,33,Sales Representative,6.7,6,52,77,9324,121,73,23.3,Normal,7.9,6.0,2.4,227,6,6,5,No,Occasional,6
P12327,Female,41,Doctor,6.7,6,59,79,9334,119,75,23.1,Normal,8.1,6.1,2.6,230,7,6,5,No,Frequent,6
P12328,Male,30,Engineer,6.8,7,55,76,9903,121,74,22.8,Normal,8.1,5.9,2.5,238,6,7,5,No,None,6
P12329,Female,30,Salesperson,7.4,8,65,72,11025,115,69,22.4,Normal,7.3,4.0,2.7,179,8,7,6,Yes,Occasional,4
P12330,Female,31,Software Engineer,8.2,10,80,68,13819,113,69,22.2,Normal,6.8,2.1,2.9,111,9,8,7,No,None,2
P12331,Female,36,Nurse,6.9,7,56,77,10142,120,74,24.7,Normal,8.0,5.9,2.6,225,6,7,5,No,Frequent,6
P12332,Female,37,Engineer,6.6,6,56,77,10063,121,73,22.9,Normal,8.0,6.0,2.4,220,6,7,4,No,Frequent,6
P12333,Male,42,Software Engineer,5.9,4,42,85,7459,123,75,23.8,Normal,9.2,9.0,2.3,319,5,5,3,Yes,Frequent,9
P12334,Female,35,Engineer,6.8,6,56,77,10599,119,73,22.5,Normal,8.2,6.0,2.5,228,6,7,5,No,Occasional,6
P12335,Male,40,Software Engineer,5.8,4,45,84,6298,125,79,24.1,Normal,9.3,9.0,2.4,330,4,5,3,No,Occasional,9
P12336,Female,38,Doctor,6.2,5,42,85,8712,123,75,23.9,Normal,8.8,7.9,2.4,289,5,5,3,No,Occasional,8
P12337,Male,34,Sales Representative,6.8,7,56,76,9451,120,73,23.0,Normal,7.7,6.1,2.6,240,6,6,5,No,Frequent,6
P12338,Female,36,Teacher,6.7,6,61,79,9384,120,73,24.0,Normal,8.0,5.9,2.7,232,6,6,5,No,Occasional,6
P12339,Female,40,Sales Representative,5.2,3,41,86,6173,130,78,24.8,Normal,9.4,10.0,2.1,360,4,4,3,No,None,10
P12340,Male,30,Sales Representative,8.6,10,85,65,14092,109,68,21.4,Normal,6.0,1.0,3.0,78,10,9,7,No,Occasional,1
P12341,Male,43,Scientist,6.1,5,43,81,7541,125,75,24.1,Normal,8.9,8.0,2.4,299,5,5,4,No,Frequent,8
P12342,Male,43,Teacher,5.2,3,41,87,7120,128,77,24.1,Normal,9.7,10.0,2.2,350,4,4,3,Yes,Occasional,10
P12343,Male,23,Lawyer,8.5,10,87,67,14487,108,67,21.6,Normal,6.5,1.0,2.9,84,10,9,7,No,Occasional,1
P12344,Male,39,Manager,6.2,6,51,80,9276,121,75,24.2,Normal,8.3,7.2,2.5,261,6,6,4,No,Occasional,7
P12345,Female,30,Salesperson,7.9,9,81,69,13143,109,68,21.6,Normal,6.7,2.0,2.8,105,9,9,7,No,Occasional,2
P12346,Female,38,Engineer,5.8,5,50,82,8668,125,76,24.3,Normal,8.8,8.0,2.5,309,5,6,4,No,None,8
P12347,Female,43,Nurse,5.4,4,38,87,7396,131,78,24.8,Normal,9.4,10.0,2.2,342,4,4,3,Yes,None,10
P12348,Male,40,Lawyer,6.1,5,47,82,7911,123,75,24.5,Normal,8.9,8.1,2.3,291,5,5,4,No,None,8
P12349,Male,22,Teacher,8.3,10,88,67,14976,107,66,21.2,Normal,6.4,1.0,3.0,74,10,9,7,No,Occasional,1
P12350,Male,34,Lawyer,6.3,6,53,77,9316,121,74,23.8,Normal,8.4,7.0,2.4,275,6,6,4,No,Occasional,7
P12351,Female,39,Scientist,6.1,5,50,82,8087,124,75,24.0,Normal,8.8,8.1,2.3,293,5,5,4,No,None,8
P12352,Male,36,Salesperson,6.7,6,61,77,10871,119,76,22.7,Normal,8.2,5.9,2.5,226,7,6,5,Yes,None,6
P12353,Female,41,Doctor,6.7,6,60,78,10224,121,74,23.1,Normal,8.3,6.1,2.6,237,7,6,5,No,Frequent,6
P12354,Male,33,Nurse,6.8,7,64,73,10508,116,72,22.9,Normal,7.8,4.9,2.7,208,7,7,6,No,Frequent,5
P12355,Male,44,Nurse,5.4,3,38,84,6088,128,77,25.0,Overweight,9.4,9.9,2.2,360,4,4,3,No,Occasional,10
P12356,Male,37,Doctor,6.4,6,50,79,8281,121,72,24.2,Normal,8.3,6.9,2.5,259,6,6,4,No,Frequent,7
P12357,Female,33,Scientist,7.5,8,64,73,11906,115,72,22.1,Normal,7.4,4.0,2.8,169,8,8,6,No,Occasional,4
P12358,Female,39,Manager,6.7,6,50,78,9609,120,74,23.1,Normal,8.3,7.0,2.6,260,6,6,4,No,Frequent,7
P12359,Male,34,Salesperson,7.1,7,59,76,10815,116,74,22.9,Normal,7.6,5.0,2.8,199,8,7,6,No,Frequent,5
P12360,Female,42,Software Engineer,6.1,5,44,81,8354,127,77,24.4,Normal,8.8,7.9,2.3,284,5,5,4,No,None,8
P12361,Female,42,Software Engineer,5.5,3,34,88,6082,129,79,25.0,Overweight,9.8,10.0,2.3,345,4,4,2,No,Occasional,10
P12362,Male,39,Software Engineer,6.3,5,42,82,7805,124,76,23.4,Normal,8.9,8.0,2.4,302,5,5,4,No,Occasional,8
P12363,Male,30,Software Engineer,7.7,9,67,71,12635,112,72,22.8,Normal,6.9,3.0,2.8,135,8,8,6,No,None,3
P12364,Male,22,Teacher,7.9,8,71,71,12869,111,69,22.0,Normal,6.7,3.0,2.8,138,9,8,6,No,Occasional,3
P12365,Female,37,Software Engineer,6.5,5,49,77,8972,124,75,23.4,Normal,8.7,7.0,2.5,256,6,6,4,No,None,7
P12366,Male,44,Software Engineer,5.3,3,41,88,6005,129,78,24.0,Normal,9.5,9.9,2.2,352,4,4,3,No,Occasional,10
P12367,Male,46,Manager,5.9,4,43,86,7406,129,78,23.7,Normal,9.3,9.0,2.3,334,4,5,3,No,Occasional,9
P12368,Female,33,Salesperson,8.1,9,77,70,13804,113,69,22.2,Normal,6.9,2.0,3.0,97,9,9,7,No,Occasional,2
P12369,Female,41,Teacher,6.1,5,46,83,7444,125,78,24.4,Normal,8.6,7.9,2.5,294,5,6,3,No,Occasional,8
P12370,Female,36,Engineer,7.8,9,69,72,12689,113,72,23.2,Normal,7.0,2.9,2.8,145,8,8,6,No,None,3
P12371,Male,28,Doctor,7.8,9,70,71,12996,112,71,22.2,Normal,6.8,2.9,2.8,139,8,8,6,No,Occasional,3
P12372,Male,34,Teacher,6.6,6,59,77,9836,119,74,23.0,Normal,8.1,6.0,2.6,230,7,7,4,No,Frequent,6
P12373,Female,36,Lawyer,6.4,6,50,78,9319,122,76,23.5,Normal,8.3,7.0,2.4,255,6,6,4,No,None,7
P12374,Male,35,Sales Representative,7.2,7,63,73,10861,115,74,23.3,Normal,8.1,5.0,2.5,199,7,7,5,No,Occasional,5
P12375,Female,38,Doctor,5.4,3,34,86,6627,127,77,24.9,Normal,9.5,10.0,2.1,358,4,4,3,No,None,10
P12376,Female,42,Lawyer,5.3,3,31,87,6850,131,77,25.1,Overweight,9.8,10.0,2.2,366,4,4,3,No,Occasional,10
P12377,Female,47,Doctor,5.2,3,36,86,6983,131,77,24.9,Normal,9.6,10.0,2.3,359,4,4,3,No,Occasional,10
P12378,Female,39,Salesperson,6.8,7,54,75,9441,120,75,23.3,Normal,8.2,6.0,2.7,237,6,6,5,No,Occasional,6
P12379,Male,47,Sales Representative,5.3,3,35,86,5701,128,79,24.0,Normal,9.4,10.0,2.2,373,4,4,3,Yes,None,10
P12380,Female,30,Manager,8.2,9,81,68,13089,110,69,21.1,Normal,6.6,2.0,3.1,109,9,8,7,No,None,2
P12381,Female,42,Doctor,5.5,4,38,85,6593,127,79,24.9,Normal,9.4,10.0,2.1,360,4,4,3,Yes,None,10
P12382,Female,43,Engineer,6.2,6,55,81,9518,123,75,23.3,Normal,8.6,7.0,2.5,271,6,6,5,No,Frequent,7
P12383,Male,36,Manager,7.9,9,73,69,13191,115,69,22.6,Normal,6.9,3.1,2.8,152,9,8,6,No,Frequent,3
P12384,Male,31,Teacher,6.7,6,59,77,9611,119,73,23.3,Normal,8.2,5.9,2.4,239,7,6,5,No,None,6
P12385,Male,29,Salesperson,8.6,10,81,65,14106,108,68,21.4,Normal,6.3,1.0,3.0,78,10,9,7,No,Occasional,1
P12386,Male,39,Teacher,6.0,5,43,83,8939,127,75,24.2,Normal,9.0,7.9,2.2,304,5,5,4,No,Occasional,8
P12387,Female,36,Doctor,6.9,6,55,78,10036,121,74,22.7,Normal,7.7,6.0,2.4,228,7,6,5,No,None,6
P12388,Male,39,Lawyer,6.7,6,47,79,9018,123,74,23.7,Normal,8.6,7.1,2.5,272,6,6,4,No,None,7
P12389,Female,38,Scientist,7.2,7,63,76,10429,119,73,23.2,Normal,7.7,5.1,2.6,195,7,7,5,No,Frequent,5
P12390,Female,23,Scientist,8.0,9,78,67,14320,111,68,21.8,Normal,6.6,1.9,3.0,98,9,8,7,No,None,2
P12391,Female,35,Doctor,6.0,5,51,82,7919,121,75,24.4,Normal,8.8,8.0,2.2,296,5,5,4,No,Occasional,8
P12392,Male,36,Manager,6.1,5,47,81,7469,125,76,23.7,Normal,8.6,8.0,2.2,282,5,5,4,Yes,Occasional,8
P12393,Male,37,Lawyer,5.7,4,42,84,6878,127,76,24.9,Normal,9.2,9.0,2.2,325,5,4,3,No,None,9
P12394,Male,33,Teacher,7.9,9,72,73,12539,113,72,21.2,Normal,7.1,3.1,2.9,133,8,8,6,Yes,Occasional,3
P12395,Female,43,Sales Representative,5.5,3,34,84,5830,129,77,24.9,Normal,9.6,10.0,2.1,356,4,4,2,No,Frequent,10
P12396,Male,30,Teacher,7.4,8,64,72,11549,115,70,23.1,Normal,7.4,4.0,2.7,173,8,8,6,No,None,4
P12397,Female,37,Engineer,7.4,8,63,72,12093,113,74,23.3,Normal,7.0,3.9,2.8,156,8,8,5,No,Occasional,4
P12398,Female,37,Software Engineer,6.4,5,43,82,7525,121,77,23.8,Normal,8.8,8.2,2.4,295,5,5,4,No,None,8
P12399,Male,37,Manager,6.2,5,51,80,9850,124,74,23.8,Normal,8.4,6.9,2.5,266,6,5,4,Yes,None,7
P12400,Male,39,Engineer,6.5,6,50,81,9394,123,76,23.7,Normal,8.5,7.0,2.3,268,6,6,4,No,None,7
P12401,Male,41,Nurse,6.9,6,53,79,9648,120,75,23.3,Normal,7.9,6.0,2.6,224,6,6,5,No,Frequent,6
P12402,Male,35,Sales Representative,6.9,7,67,76,11088,118,74,23.3,Normal,7.6,5.0,2.6,198,7,7,5,No,Occasional,5
P12403,Female,43,Engineer,5.3,3,38,86,6819,130,80,24.9,Normal,9.5,10.0,2.4,353,4,5,3,Yes,None,10
P12404,Male,44,Doctor,6.1,4,38,83,7349,124,79,25.0,Overweight,9.1,9.1,2.4,316,4,5,4,No,Occasional,9
P12405,Male,25,Nurse,8.6,10,80,66,15248,107,69,20.8,Normal,6.0,1.0,2.9,86,10,9,7,No,Occasional,1
P12406,Male,31,Nurse,7.1,7,62,76,11265,117,72,23.2,Normal,7.5,4.9,2.7,199,7,7,6,No,None,5
P12407,Female,26,Sales Representative,8.6,10,85,64,14156,110,68,21.9,Normal,6.1,1.1,3.0,80,10,9,7,No,Occasional,1
P12408,Male,40,Scientist,6.0,5,43,81,8295,121,77,24.8,Normal,8.9,8.0,2.3,293,5,5,4,No,Occasional,8
P12409,Male,34,Manager,7.7,7,63,73,12344,116,71,22.5,Normal,7.4,4.1,2.8,162,8,8,6,No,None,4
P12410,Female,40,Scientist,6.4,5,51,78,8588,120,76,24.1,Normal,8.8,7.0,2.5,253,6,5,4,No,Occasional,7
P12411,Female,39,Nurse,5.8,4,43,84,7796,124,77,25.0,Overweight,9.2,9.1,2.4,317,5,5,3,No,Frequent,9
P12412,Male,27,Salesperson,8.3,10,77,68,13363,111,66,21.7,Normal,6.4,2.0,2.9,102,9,9,7,No,Frequent,2
P12413,Male,32,Scientist,6.6,6,51,79,10145,119,72,23.6,Normal,8.5,7.1,2.4,263,6,6,4,No,Occasional,7
P12414,Female,34,Teacher,6.5,5,59,80,9239,118,76,23.2,Normal,8.7,6.9,2.5,261,6,6,4,No,None,7
P12415,Male,48,Nurse,5.3,3,30,87,6214,128,79,24.4,Normal,9.8,9.9,2.3,343,4,4,3,No,Frequent,10
P12416,Male,33,Manager,6.9,7,61,75,11103,116,73,23.5,Normal,7.8,5.1,2.6,198,7,7,5,No,Occasional,5
P12417,Female,39,Lawyer,6.2,5,47,82,7437,128,78,24.7,Normal,8.9,7.9,2.3,282,5,5,4,No,Occasional,8
P12418,Male,35,Engineer,7.8,9,69,72,13239,112,71,21.9,Normal,7.1,2.9,2.8,131,9,8,6,No,None,3
P12419,Male,43,Sales Representative,5.8,4,38,84,6469,126,78,24.2,Normal,9.0,9.1,2.3,328,5,5,4,No,None,9
P12420,Female,35,Sales Representative,6.8,6,56,78,10176,121,73,23.3,Normal,7.9,6.1,2.6,231,7,6,5,No,Frequent,6
P12421,Female,29,Lawyer,8.2,9,74,70,14211,110,70,21.4,Normal,6.5,2.0,2.9,102,9,9,7,No,None,2
P12422,Female,32,Teacher,7.9,8,77,71,13241,113,69,22.1,Normal,7.1,3.0,2.9,145,9,8,6,No,None,3
P12423,Female,35,Sales Representative,6.8,6,57,77,9822,121,72,23.3,Normal,8.1,6.0,2.6,233,6,6,5,No,None,6
P12424,Male,41,Lawyer,6.5,5,47,79,10203,121,72,24.2,Normal,8.5,7.1,2.4,260,6,6,4,No,None,7
P12425,Male,37,Manager,6.8,6,55,77,9771,119,73,23.3,Normal,8.2,6.0,2.5,230,6,6,5,No,Occasional,6
P12426,Male,43,Scientist,5.4,3,35,85,6288,128,77,25.5,Overweight,9.4,10.0,2.2,351,4,4,3,Yes,Occasional,10
P12427,Female,36,Sales Representative,7.1,7,67,76,10597,116,71,22.8,Normal,7.6,5.1,2.6,212,7,7,5,No,Occasional,5
P12428,Female,26,Scientist,8.3,10,81,70,13168,108,69,21.8,Normal,6.6,2.0,2.9,96,9,9,7,Yes,None,2
P12429,Female,41,Engineer,5.4,3,40,85,6625,126,76,24.4,Normal,9.8,10.0,2.0,359,4,4,3,No,Occasional,10
P12430,Female,36,Lawyer,6.3,5,51,82,9864,118,74,23.0,Normal,8.6,7.0,2.6,267,5,6,5,No,Frequent,7
P12431,Female,27,Lawyer,8.3,9,73,72,13355,109,69,21.4,Normal,6.7,1.9,2.9,114,9,8,6,No,Occasional,2
P12432,Male,37,Doctor,7.0,7,62,76,11000,116,74,22.3,Normal,7.9,5.0,2.6,202,7,7,5,Yes,Occasional,5
P12433,Female,43,Sales Representative,5.7,4,40,83,7864,125,78,25.0,Overweight,9.3,9.0,2.4,319,5,5,3,No,None,9
P12434,Male,42,Sales Representative,5.9,4,40,84,7179,125,77,24.5,Normal,9.2,9.0,2.4,315,4,5,4,Yes,Frequent,9
P12435,Male,33,Scientist,6.4,5,56,79,8634,123,74,23.5,Normal,8.3,7.0,2.5,267,6,6,4,No,Occasional,7
P12436,Male,44,Doctor,5.8,4,42,82,7391,126,77,24.7,Normal,9.0,9.0,2.3,335,4,4,4,No,Occasional,9
P12437,Male,38,Software Engineer,6.3,6,51,80,8881,120,75,23.5,Normal,8.6,7.0,2.5,268,6,6,4,Yes,None,7
P12438,Male,33,Engineer,7.8,8,75,74,13088,114,72,22.3,Normal,6.9,3.0,2.9,131,8,8,7,No,None,3
P12439,Male,39,Teacher,6.9,7,69,75,10898,116,73,22.2,Normal,7.9,4.9,2.8,196,7,7,6,Yes,Occasional,5
P12440,Male,42,Doctor,5.7,4,37,86,7829,124,78,24.6,Normal,9.3,9.0,2.3,331,5,5,3,Yes,None,9
P12441,Female,27,Scientist,8.3,10,82,68,13571,110,70,22.0,Normal,6.6,2.1,2.9,90,9,9,7,No,Occasional,2
P12442,Male,29,Nurse,7.9,9,75,67,13338,110,68,21.0,Normal,6.8,1.9,2.9,113,9,9,7,Yes,None,2
P12443,Male,41,Manager,5.8,4,41,84,7765,127,80,24.0,Normal,9.5,9.1,2.4,313,5,5,3,No,None,9
P12444,Female,34,Manager,7.0,7,62,75,11248,116,72,23.2,Normal,7.8,5.0,2.7,203,7,7,5,Yes,Occasional,5
P12445,Female,41,Salesperson,5.3,4,39,86,6520,127,77,24.7,Normal,9.3,9.9,2.2,360,4,4,3,No,Occasional,10
P12446,Female,27,Nurse,8.1,9,73,68,13968,110,69,22.1,Normal,6.7,2.0,2.8,109,9,9,7,No,None,2
P12447,Female,29,Scientist,8.3,9,76,69,12953,111,69,21.5,Normal,6.5,2.1,2.8,122,9,8,7,No,Occasional,2
P12448,Female,35,Engineer,7.2,7,61,75,10478,116,72,22.5,Normal,8.1,5.0,2.6,202,7,7,5,No,None,5
P12449,Male,27,Teacher,8.0,9,79,69,13460,111,69,21.1,Normal,6.7,2.0,2.9,125,9,9,7,No,None,2
P12450,Male,36,Engineer,8.5,10,80,67,14097,110,65,20.5,Normal,6.2,1.0,2.9,76,10,9,7,No,None,1
P12451,Female,28,Manager,7.0,7,61,76,10969,116,74,23.2,Normal,7.5,5.0,2.7,194,7,7,5,Yes,None,5
P12452,Male,26,Software Engineer,7.7,8,71,71,12143,113,70,22.5,Normal,7.3,2.9,2.8,133,9,9,6,No,Occasional,3
P12453,Female,34,Lawyer,7.2,7,62,74,10892,116,73,22.4,Normal,7.9,5.0,2.7,208,8,7,5,No,Occasional,5
P12454,Female,36,Nurse,6.8,6,58,78,10328,119,74,24.0,Normal,8.1,6.0,2.5,230,7,6,5,No,None,6
P12455,Male,42,Salesperson,6.8,6,54,78,10436,119,75,23.0,Normal,7.9,6.0,2.6,232,6,6,5,No,Occasional,6
P12456,Male,42,Salesperson,5.5,4,41,84,6824,127,76,24.1,Normal,9.4,9.0,2.3,330,5,5,3,No,None,9
P12457,Male,43,Nurse,5.9,4,37,81,7666,127,78,24.2,Normal,8.9,8.8,2.4,307,5,5,3,No,Frequent,9
P12458,Male,27,Scientist,8.4,10,86,66,14749,110,68,21.6,Normal,6.2,1.1,3.0,81,10,9,7,No,Occasional,1
P12459,Male,33,Nurse,7.6,7,68,72,11557,117,71,22.1,Normal,7.3,4.0,2.8,163,8,8,6,No,None,4
P12460,Female,47,Teacher,5.6,4,47,85,7620,128,78,23.8,Normal,9.4,9.0,2.3,334,5,5,3,Yes,None,9
P12461,Male,29,Software Engineer,7.0,7,66,74,10608,119,73,23.5,Normal,7.8,4.9,2.7,188,7,7,5,No,Frequent,5
P12462,Female,29,Teacher,7.6,8,70,68,12676,112,71,22.4,Normal,7.0,2.8,2.8,139,8,8,6,No,None,3
P12463,Male,29,Teacher,7.9,9,70,71,13351,112,69,21.7,Normal,6.9,3.0,2.9,139,8,8,6,Yes,Occasional,3
P12464,Female,37,Nurse,6.3,5,45,79,8407,124,76,24.2,Normal,9.1,7.9,2.4,288,5,5,4,No,Occasional,8
P12465,Female,45,Nurse,5.7,4,43,82,6942,127,78,24.0,Normal,9.2,9.0,2.3,324,5,5,3,No,Occasional,9
P12466,Female,31,Engineer,7.3,8,69,73,12020,116,70,22.5,Normal,7.4,4.0,2.7,171,8,7,6,No,Occasional,4
P12467,Female,39,Manager,6.3,6,47,79,8979,125,75,23.4,Normal,8.4,7.0,2.5,268,6,6,4,No,Occasional,7
P12468,Female,42,Scientist,6.0,4,46,85,7697,126,77,23.9,Normal,9.2,9.0,2.2,324,5,5,3,No,None,9
P12469,Male,41,Lawyer,6.3,6,55,81,9262,121,77,23.3,Normal,8.2,7.0,2.5,268,6,6,4,Yes,Frequent,7
P12470,Female,27,Scientist,8.2,9,79,72,13274,110,71,21.7,Normal,6.6,2.0,2.8,102,9,9,7,No,Occasional,2
P12471,Male,29,Lawyer,8.3,9,80,68,12962,113,67,21.9,Normal,6.4,2.0,2.9,106,9,9,6,No,Occasional,2
P12472,Male,25,Software Engineer,8.5,10,80,65,15202,106,67,21.2,Normal,6.2,1.0,3.0,77,10,10,7,No,Occasional,1
P12473,Male,42,Engineer,5.9,5,47,82,9499,124,74,24.6,Normal,8.9,8.0,2.4,297,5,5,4,No,Occasional,8
P12474,Female,40,Nurse,6.1,5,48,81,8128,125,75,24.1,Normal,9.0,8.0,2.3,287,5,5,4,No,None,8
P12475,Male,44,Lawyer,6.2,5,45,83,8535,122,77,24.0,Normal,8.9,7.9,2.4,296,5,5,4,Yes,None,8
P12476,Male,33,Lawyer,7.0,7,58,74,10825,117,73,22.2,Normal,7.8,5.1,2.7,198,7,7,5,No,Occasional,5
P12477,Male,27,Salesperson,8.3,10,82,67,14638,107,67,21.1,Normal,6.1,1.0,3.1,59,10,10,7,No,Frequent,1
P12478,Male,26,Software Engineer,8.2,9,80,67,14004,107,69,21.7,Normal,6.4,2.0,2.9,119,9,8,7,Yes,None,2
P12479,Male,40,Teacher,6.2,5,43,83,8690,124,74,23.7,Normal,8.9,7.9,2.3,295,5,6,4,No,Frequent,8
P12480,Male,24,Lawyer,8.6,10,78,67,14288,109,67,21.1,Normal,6.1,1.1,3.1,74,9,9,7,No,Occasional,1
P12481,Male,37,Software Engineer,7.0,7,60,76,10428,116,74,23.5,Normal,7.6,5.0,2.6,197,7,7,5,No,Occasional,5
P12482,Male,49,Salesperson,5.1,3,38,85,5868,129,78,24.5,Normal,9.6,9.7,2.1,349,4,4,3,No,Occasional,10
P12483,Male,40,Nurse,5.4,4,31,87,6827,129,77,25.2,Overweight,9.5,10.0,2.1,352,3,4,3,No,Occasional,10
P12484,Male,30,Salesperson,8.2,9,73,69,14104,109,70,21.9,Normal,6.4,2.1,3.1,112,9,8,7,No,Occasional,2
P12485,Female,31,Nurse,7.7,9,79,71,13180,114,72,21.9,Normal,6.8,2.9,2.9,144,9,8,7,Yes,Occasional,3
P12486,Female,25,Lawyer,8.7,10,85,64,14796,105,68,21.0,Normal,6.1,1.1,3.1,76,10,9,7,No,None,1
P12487,Male,43,Doctor,5.4,3,35,86,6898,129,81,25.3,Overweight,9.5,10.0,2.1,346,4,4,2,No,Frequent,10
P12488,Male,35,Scientist,6.6,6,59,79,10050,119,72,23.7,Normal,8.2,6.0,2.5,237,6,7,5,No,Frequent,6
P12489,Female,22,Nurse,8.5,10,85,68,14136,108,68,20.9,Normal,6.2,1.1,2.9,70,10,9,7,No,None,1
P12490,Female,30,Salesperson,7.8,9,72,71,11917,115,72,22.1,Normal,7.1,3.2,2.7,131,9,8,6,Yes,Occasional,3
P12491,Male,35,Software Engineer,6.9,7,64,75,10683,116,74,23.2,Normal,7.6,5.1,2.7,188,7,7,5,No,Frequent,5
P12492,Female,34,Scientist,7.2,7,60,75,10749,118,72,23.7,Normal,8.0,5.1,2.7,184,7,7,5,No,Occasional,5
P12493,Female,30,Software Engineer,7.6,8,76,72,12812,115,70,23.0,Normal,7.0,4.0,2.7,184,8,8,6,No,None,4
P12494,Female,43,Lawyer,5.4,3,35,87,7143,127,76,24.5,Normal,9.5,10.0,2.0,359,4,4,3,No,Occasional,10
P12495,Male,28,Salesperson,8.4,10,84,65,15627,104,68,21.8,Normal,5.9,1.0,3.1,86,10,10,7,No,None,1
P12496,Male,42,Salesperson,6.5,6,52,79,9669,123,74,24.0,Normal,8.6,7.0,2.5,258,6,6,4,No,Occasional,7
P12497,Male,28,Teacher,8.2,9,81,70,13445,112,70,22.3,Normal,6.6,2.1,2.8,111,9,9,7,No,Occasional,2
P12498,Male,27,Software Engineer,7.8,9,76,71,13621,113,68,22.9,Normal,7.3,2.9,2.8,135,8,8,6,No,Occasional,3
P12499,Female,41,Engineer,5.9,4,40,83,7501,127,78,24.6,Normal,9.3,9.2,2.3,320,5,4,3,No,Frequent,9
P12500,Female,43,Scientist,6.4,6,52,79,8987,119,73,23.4,Normal,8.5,7.1,2.4,268,6,6,4,No,Occasional,7
